code,min.sec,lat,lon,dist,yaw,roll,pitch,yaw_to_goal,motor_left,motor_right,stack,seq,data,latitude,longitude
7,0.4,0,0,244,281.25,0,0,0,0,0,0,1,176.6 altNRdy,0,0
7,0.5,0,0,244,315,0,0,0,0,0,0,1,176.7 altNRdy,0,0
7,0.4,0,0,244,292.5,0,0,0,0,0,0,1,170.4 altNRdy,0,0
7,0.5,0,0,85,326.25,0,0,0,0,0,0,1,170.6 altNRdy,0,0
7,0.6,0,0,244,326.25,0,0,0,0,0,0,1,170.7 altNRdy,0,0
7,0.7,0,0,244,326.25,0,0,0,0,0,0,1,170.6 altNRdy,0,0
7,0.8,0,0,244,326.25,0,0,0,0,0,0,1,170.6 altNRdy,0,0
7,0.9,0,0,85,326.25,0,0,0,0,0,0,1,170.7 c5 Rise,0,0
7,0.1,0,0,244,326.25,0,0,0,0,0,0,1,170.7 c5 Rise,0,0
7,0.11,0,0,85,326.25,0,0,0,0,0,0,1,170.7 c5 Rise,0,0
7,0.12,0,0,48,326.25,0,0,0,0,0,0,1,170.7 c5 Rise,0,0
7,0.13,0,0,244,326.25,0,0,0,0,0,0,1,170.7 c5 Rise,0,0
7,0.15,0,0,244,326.25,0,0,0,0,0,0,1,170.7 c5 Rise,0,0
7,0.16,0,0,244,326.25,0,0,0,0,0,0,1,170.7 c5 Rise,0,0
7,0.17,0,0,244,326.25,0,0,0,0,0,0,1,170.7 c5 Rise,0,0
7,0.18,0,0,244,326.25,0,0,0,0,0,0,1,170.7 c5 Rise,0,0
7,0.19,0,0,244,326.25,0,0,0,0,0,0,1,170.7 c5 Rise,0,0
7,0.2,0,0,244,326.25,0,0,0,0,0,0,1,170.7 c5 Rise,0,0
7,0.21,0,0,244,326.25,0,0,0,0,0,0,1,170.7 c5 Rise,0,0
7,0.22,0,0,244,326.25,0,0,0,0,0,0,1,170.7 c5 Rise,0,0
7,0.23,0,0,244,326.25,0,0,0,0,0,0,1,170.7 c5 Rise,0,0
7,0.24,0,0,244,326.25,0,0,0,0,0,0,1,170.7 c5 Rise,0,0
7,0.25,0,0,244,292.5,0,0,0,0,0,0,1,170.7 c5 Rise,0,0
7,0.26,0,0,244,247.5,0,45,0,0,0,0,1,170.7 c5 Rise,0,0
7,0.27,0,0,85,258.75,0,33.8,0,0,0,0,1,170.7 c5 Rise,0,0
7,0.28,0,0,48,281.25,0,56.2,0,0,0,0,1,170.7 c5 Rise,0,0
7,0.29,0,0,244,225,0,22.5,0,0,0,0,1,170.7 c5 Rise,0,0
7,0.3,0,0,244,225,0,22.5,0,0,0,0,1,170.7 c5 Rise,0,0
7,0.31,0,0,244,236.25,0,22.5,0,0,0,0,1,170.7 c5 Rise,0,0
7,0.32,0,0,244,236.25,0,45,0,0,0,0,1,170.7 c5 Rise,0,0
7,0.33,0,0,244,315,0,56.2,0,0,0,0,1,170.7 c5 Rise,0,0
7,0.34,0,0,244,0,0,33.8,0,0,0,0,1,170.7 c5 Rise,0,0
7,0.35,0,0,244,337.5,0,22.5,0,0,0,0,1,170.7 c5 Rise,0,0
7,0.36,0,0,85,326.25,0,22.5,0,0,0,0,1,170.7 c5 Rise,0,0
7,0.37,0,0,48,326.25,0,11.2,0,0,0,0,1,170.7 c5 Rise,0,0
7,0.38,0,0,164,326.25,0,11.2,0,0,0,0,1,170.7 c5 Rise,0,0
7,0.39,0,0,244,326.25,0,11.2,0,0,0,0,1,170.7 c5 Rise,0,0
7,0.41,0,0,244,326.25,0,11.2,0,0,0,0,1,170.7 c5 Rise,0,0
7,0.42,0,0,244,326.25,0,11.2,0,0,0,0,1,170.7 c5 Rise,0,0
7,0.43,0,0,244,326.25,0,11.2,0,0,0,0,1,170.7 c5 Rise,0,0
7,0.44,0,0,244,326.25,0,11.2,0,0,0,0,1,170.7 c5 Rise,0,0
7,0.45,0,0,244,326.25,0,11.2,0,0,0,0,1,170.7 c5 Rise,0,0
7,0.46,0,0,244,326.25,0,11.2,0,0,0,0,1,170.7 c5 Rise,0,0
7,0.47,0,0,244,326.25,0,11.2,0,0,0,0,1,170.7 c5 Rise,0,0
7,0.48,0,0,244,326.25,0,11.2,0,0,0,0,1,170.7 c5 Rise,0,0
7,0.49,0,0,244,326.25,0,11.2,0,0,0,0,1,170.7 c5 Rise,0,0
7,0.5,0,0,244,326.25,0,11.2,0,0,0,0,1,170.7 c5 Rise,0,0
7,0.51,0,0,244,326.25,0,11.2,0,0,0,0,1,170.7 c5 Rise,0,0
7,0.52,0,0,85,326.25,0,11.2,0,0,0,0,1,170.7 c5 Rise,0,0
7,0.53,0,0,244,326.25,0,11.2,0,0,0,0,1,170.7 c5 Rise,0,0
7,0.54,0,0,244,326.25,0,11.2,0,0,0,0,1,170.7 c5 Rise,0,0
7,0.55,0,0,244,326.25,0,11.2,0,0,0,0,1,170.7 c5 Rise,0,0
7,0.56,0,0,244,326.25,0,11.2,0,0,0,0,1,170.7 c5 Rise,0,0
7,0.57,0,0,244,326.25,0,11.2,0,0,0,0,1,170.7 c5 Rise,0,0
7,0.58,0,0,244,326.25,0,11.2,0,0,0,0,1,170.7 c5 Rise,0,0
7,0.59,0,0,244,326.25,0,11.2,0,0,0,0,1,170.7 c5 Rise,0,0
7,1,0,0,244,326.25,0,11.2,0,0,0,0,1,170.7 c5 Rise,0,0
7,1.1,0,0,244,326.25,0,11.2,0,0,0,0,1,170.7 c5 Rise,0,0
7,1.2,0,0,244,326.25,0,11.2,0,0,0,0,1,170.7 c5 Rise,0,0
7,1.3,0,0,244,326.25,0,11.2,0,0,0,0,1,170.7 c5 Rise,0,0
7,1.4,34801620,135770982,6,326.25,0,11.2,0,0,0,0,1,170.7 c5 Rise,34.80162,135.770982
7,1.5,34801620,135770982,6,326.25,0,11.2,0,0,0,0,1,170.7 c5 Rise,34.80162,135.770982
7,1.7,34801620,135770982,6,326.25,0,11.2,0,0,0,0,1,170.7 c5 Rise,34.80162,135.770982
7,1.8,34801620,135770982,6,326.25,0,11.2,0,0,0,0,1,170.7 c5 Rise,34.80162,135.770982
7,1.9,34801620,135770982,6,326.25,0,11.2,0,0,0,0,1,170.7 c5 Rise,34.80162,135.770982
7,1.1,34801620,135770982,6,326.25,0,11.2,0,0,0,0,1,170.7 c5 Rise,34.80162,135.770982
7,1.11,34801621,135770989,6,326.25,0,11.2,0,0,0,0,1,170.7 c5 Rise,34.801621,135.770989
7,1.12,34801622,135770993,5,326.25,0,11.2,0,0,0,0,1,170.7 c5 Rise,34.801622,135.770993
7,1.13,34801622,135770996,5,326.25,0,11.2,0,0,0,0,1,170.7 c5 Rise,34.801622,135.770996
7,1.14,34801622,135770997,5,326.25,0,11.2,0,0,0,0,1,170.7 c5 Rise,34.801622,135.770997
7,1.15,34801622,135770998,5,326.25,0,11.2,0,0,0,0,1,170.7 c5 Rise,34.801622,135.770998
7,1.16,34801622,135770998,5,326.25,0,11.2,0,0,0,0,1,170.7 c5 Rise,34.801622,135.770998
7,1.17,34801621,135770998,5,326.25,0,11.2,0,0,0,0,1,170.7 c5 Rise,34.801621,135.770998
7,1.18,34801621,135770998,5,326.25,0,11.2,0,0,0,0,1,170.7 c5 Rise,34.801621,135.770998
7,1.19,34801621,135770997,5,326.25,0,11.2,0,0,0,0,1,170.7 c5 Rise,34.801621,135.770997
7,1.2,34801620,135770996,5,326.25,0,11.2,0,0,0,0,1,170.7 c5 Rise,34.80162,135.770996
7,1.21,34801620,135770996,5,326.25,0,11.2,0,0,0,0,1,170.7 c5 Rise,34.80162,135.770996
7,1.22,34801620,135770996,5,326.25,0,11.2,0,0,0,0,1,170.7 c5 Rise,34.80162,135.770996
7,1.23,34801620,135770996,5,326.25,0,11.2,0,0,0,0,1,170.7 c5 Rise,34.80162,135.770996
7,1.24,34801620,135770994,5,326.25,0,11.2,0,0,0,0,1,170.7 c5 Rise,34.80162,135.770994
7,1.25,34801620,135770994,5,326.25,0,11.2,0,0,0,0,1,170.7 c5 Rise,34.80162,135.770994
7,1.26,34801620,135770994,5,326.25,0,11.2,0,0,0,0,1,170.7 c5 Rise,34.80162,135.770994
7,1.27,34801621,135770993,5,326.25,0,11.2,0,0,0,0,1,170.7 c5 Rise,34.801621,135.770993
7,1.28,34801621,135770993,5,326.25,0,11.2,0,0,0,0,1,170.7 c5 Rise,34.801621,135.770993
7,1.29,34801621,135770993,5,326.25,0,11.2,0,0,0,0,1,170.7 c5 Rise,34.801621,135.770993
7,1.3,34801621,135770992,5,326.25,0,11.2,0,0,0,0,1,170.7 c5 Rise,34.801621,135.770992
7,1.31,34801621,135770992,5,326.25,0,11.2,0,0,0,0,1,170.7 c5 Rise,34.801621,135.770992
7,1.33,34801621,135770992,5,326.25,0,11.2,0,0,0,0,1,170.7 c5 Rise,34.801621,135.770992
7,1.34,34801621,135770992,5,326.25,0,11.2,0,0,0,0,1,170.7 c5 Rise,34.801621,135.770992
7,1.35,34801621,135770992,5,326.25,0,11.2,0,0,0,0,1,170.7 c5 Rise,34.801621,135.770992
7,1.36,34801621,135770992,5,326.25,0,11.2,0,0,0,0,1,170.7 c5 Rise,34.801621,135.770992
7,1.37,34801621,135770992,5,326.25,0,11.2,0,0,0,0,1,170.7 c5 Rise,34.801621,135.770992
7,1.38,34801621,135770989,6,326.25,0,11.2,0,0,0,0,1,170.7 c5 Rise,34.801621,135.770989
7,1.39,34801621,135770989,6,326.25,0,11.2,0,0,0,0,1,170.7 c5 Rise,34.801621,135.770989
7,1.4,34801621,135770989,6,326.25,0,11.2,0,0,0,0,1,170.7 c5 Rise,34.801621,135.770989
7,1.41,34801621,135770988,6,326.25,0,11.2,0,0,0,0,1,170.7 c5 Rise,34.801621,135.770988
7,1.42,34801621,135770988,6,326.25,0,11.2,0,0,0,0,1,170.7 c5 Rise,34.801621,135.770988
7,1.43,34801621,135770988,6,326.25,0,11.2,0,0,0,0,1,170.7 c5 Rise,34.801621,135.770988
7,1.44,34801620,135770988,6,326.25,0,11.2,0,0,0,0,1,170.7 c5 Rise,34.80162,135.770988
7,1.45,34801620,135770988,6,326.25,0,11.2,0,0,0,0,1,170.7 c5 Rise,34.80162,135.770988
7,1.46,34801620,135770988,6,326.25,0,11.2,0,0,0,0,1,170.7 c5 Rise,34.80162,135.770988
7,1.47,34801620,135770988,6,326.25,0,11.2,0,0,0,0,1,170.7 c5 Rise,34.80162,135.770988
7,1.48,34801620,135770988,6,326.25,0,11.2,0,0,0,0,1,170.7 c5 Rise,34.80162,135.770988
7,1.49,34801620,135770988,6,326.25,0,11.2,0,0,0,0,1,170.7 c5 Rise,34.80162,135.770988
7,1.5,34801620,135770988,6,326.25,0,11.2,0,0,0,0,1,170.7 c5 Rise,34.80162,135.770988
7,1.51,34801620,135770987,6,326.25,0,11.2,0,0,0,0,1,170.7 c5 Rise,34.80162,135.770987
7,1.52,34801620,135770986,6,326.25,0,11.2,0,0,0,0,1,170.7 c5 Rise,34.80162,135.770986
7,1.53,34801620,135770986,6,326.25,0,11.2,0,0,0,0,1,170.7 c5 Rise,34.80162,135.770986
7,1.54,34801620,135770986,6,326.25,0,11.2,0,0,0,0,1,170.7 c5 Rise,34.80162,135.770986
7,1.55,34801620,135770986,6,326.25,0,11.2,0,0,0,0,1,170.7 c5 Rise,34.80162,135.770986
7,1.56,34801620,135770985,6,326.25,0,11.2,0,0,0,0,1,170.7 c5 Rise,34.80162,135.770985
7,1.57,34801620,135770985,6,326.25,0,11.2,0,0,0,0,1,170.7 c5 Rise,34.80162,135.770985
7,1.59,34801620,135770985,6,326.25,0,11.2,0,0,0,0,1,170.7 c5 Rise,34.80162,135.770985
7,2,34801620,135770984,6,326.25,0,11.2,0,0,0,0,1,170.7 c5 Rise,34.80162,135.770984
7,2.1,34801620,135770984,6,326.25,0,11.2,0,0,0,0,1,170.7 c5 Rise,34.80162,135.770984
7,2.2,34801620,135770984,6,326.25,0,11.2,0,0,0,0,1,170.7 c5 Rise,34.80162,135.770984
7,2.3,34801620,135770984,6,326.25,0,11.2,0,0,0,0,1,170.7 c5 Rise,34.80162,135.770984
7,2.4,34801620,135770984,6,326.25,0,11.2,0,0,0,0,1,170.7 c5 Rise,34.80162,135.770984
7,2.5,34801619,135770983,6,326.25,0,11.2,0,0,0,0,1,170.7 c5 Rise,34.801619,135.770983
7,2.6,34801619,135770982,6,326.25,0,11.2,0,0,0,0,1,170.7 c5 Rise,34.801619,135.770982
7,2.7,34801619,135770982,6,326.25,0,11.2,0,0,0,0,1,170.7 c5 Rise,34.801619,135.770982
7,2.8,34801618,135770982,6,326.25,0,11.2,0,0,0,0,1,170.7 c5 Rise,34.801618,135.770982
7,2.9,34801618,135770982,6,326.25,0,11.2,0,0,0,0,1,170.7 c5 Rise,34.801618,135.770982
7,2.1,34801618,135770982,6,326.25,0,11.2,0,0,0,0,1,170.7 c5 Rise,34.801618,135.770982
7,2.11,34801618,135770982,6,326.25,0,11.2,0,0,0,0,1,170.7 c5 Rise,34.801618,135.770982
7,2.12,34801618,135770981,6,326.25,0,11.2,0,0,0,0,1,170.7 c5 Rise,34.801618,135.770981
7,2.13,34801618,135770981,6,326.25,0,11.2,0,0,0,0,1,170.7 c5 Rise,34.801618,135.770981
7,2.14,34801618,135770981,6,326.25,0,11.2,0,0,0,0,1,170.7 c5 Rise,34.801618,135.770981
7,2.15,34801617,135770980,6,326.25,0,11.2,0,0,0,0,1,170.7 c5 Rise,34.801617,135.77098
7,2.16,34801617,135770980,6,326.25,0,11.2,0,0,0,0,1,170.7 c5 Rise,34.801617,135.77098
7,2.17,34801617,135770980,6,326.25,0,11.2,0,0,0,0,1,170.7 c5 Rise,34.801617,135.77098
7,2.18,34801617,135770979,6,326.25,0,11.2,0,0,0,0,1,170.7 c5 Rise,34.801617,135.770979
7,2.19,34801617,135770979,6,326.25,0,11.2,0,0,0,0,1,170.7 c5 Rise,34.801617,135.770979
7,2.2,34801617,135770979,6,326.25,0,11.2,0,0,0,0,1,170.7 c5 Rise,34.801617,135.770979
7,2.21,34801617,135770979,6,326.25,0,11.2,0,0,0,0,1,170.7 c5 Rise,34.801617,135.770979
7,2.22,34801616,135770978,6,326.25,0,11.2,0,0,0,0,1,170.7 c5 Rise,34.801616,135.770978
7,2.23,34801616,135770978,6,326.25,0,11.2,0,0,0,0,1,170.7 c5 Rise,34.801616,135.770978
7,2.25,34801616,135770978,6,326.25,0,11.2,0,0,0,0,1,170.7 c5 Rise,34.801616,135.770978
7,2.26,34801616,135770978,6,326.25,0,11.2,0,0,0,0,1,170.7 c5 Rise,34.801616,135.770978
7,2.27,34801616,135770978,6,326.25,0,11.2,0,0,0,0,1,170.7 c5 Rise,34.801616,135.770978
7,2.28,34801616,135770978,6,326.25,0,11.2,0,0,0,0,1,170.7 c5 Rise,34.801616,135.770978
7,2.29,34801616,135770978,6,326.25,0,11.2,0,0,0,0,1,170.7 c5 Rise,34.801616,135.770978
7,2.3,34801615,135770976,7,326.25,0,11.2,0,0,0,0,1,170.7 c5 Rise,34.801615,135.770976
7,2.31,34801615,135770976,6,326.25,0,11.2,0,0,0,0,1,170.7 c5 Rise,34.801615,135.770976
7,2.32,34801615,135770976,7,326.25,0,11.2,0,0,0,0,1,170.7 c5 Rise,34.801615,135.770976
7,2.33,34801615,135770976,7,326.25,0,11.2,0,0,0,0,1,170.7 c5 Rise,34.801615,135.770976
7,2.34,34801615,135770975,7,326.25,0,11.2,0,0,0,0,1,170.7 c5 Rise,34.801615,135.770975
7,2.35,34801615,135770975,7,326.25,0,11.2,0,0,0,0,1,170.7 c5 Rise,34.801615,135.770975
7,2.36,34801615,135770975,7,326.25,0,11.2,0,0,0,0,1,170.7 c5 Rise,34.801615,135.770975
7,2.37,34801615,135770975,7,326.25,0,11.2,0,0,0,0,1,170.7 c5 Rise,34.801615,135.770975
7,2.38,34801615,135770975,7,326.25,0,11.2,0,0,0,0,1,170.7 c5 Rise,34.801615,135.770975
7,2.39,34801614,135770974,7,326.25,0,11.2,0,0,0,0,1,170.7 c5 Rise,34.801614,135.770974
7,2.4,34801614,135770974,7,326.25,0,11.2,0,0,0,0,1,170.7 c5 Rise,34.801614,135.770974
7,2.41,34801614,135770974,7,326.25,0,11.2,0,0,0,0,1,170.7 c5 Rise,34.801614,135.770974
7,2.42,34801614,135770974,7,326.25,0,11.2,0,0,0,0,1,170.7 c5 Rise,34.801614,135.770974
7,2.43,34801614,135770974,7,326.25,0,11.2,0,0,0,0,1,170.7 c5 Rise,34.801614,135.770974
7,2.44,34801614,135770973,7,326.25,0,11.2,0,0,0,0,1,170.7 c5 Rise,34.801614,135.770973
7,2.45,34801614,135770973,7,326.25,0,11.2,0,0,0,0,1,170.7 c5 Rise,34.801614,135.770973
7,2.46,34801614,135770973,7,326.25,0,11.2,0,0,0,0,1,170.7 c5 Rise,34.801614,135.770973
7,2.47,34801614,135770973,7,326.25,0,11.2,0,0,0,0,1,170.7 c5 Rise,34.801614,135.770973
7,2.48,34801614,135770973,7,326.25,0,11.2,0,0,0,0,1,170.7 c5 Rise,34.801614,135.770973
7,2.49,34801613,135770973,7,326.25,0,11.2,0,0,0,0,1,170.7 c5 Rise,34.801613,135.770973
7,2.51,34801613,135770973,7,326.25,0,11.2,0,0,0,0,1,170.7 c5 Rise,34.801613,135.770973
7,2.52,34801613,135770972,7,326.25,0,11.2,0,0,0,0,1,170.7 c5 Rise,34.801613,135.770972
7,2.53,34801613,135770972,7,326.25,0,11.2,0,0,0,0,1,170.7 c5 Rise,34.801613,135.770972
7,2.54,34801613,135770972,7,326.25,0,11.2,0,0,0,0,1,170.7 c5 Rise,34.801613,135.770972
7,2.55,34801613,135770972,7,326.25,0,11.2,0,0,0,0,6,0.1 s0.03 a -0 L,34.801613,135.770972
7,2.56,34801613,135770972,7,348.75,0,11.2,0,0,0,0,6,NC 1 Heata -0 L,34.801613,135.770972
7,2.57,34801613,135770972,7,348.75,0,11.2,0,0,0,0,6,NC 3 Heata -0 L,34.801613,135.770972
7,2.58,34801613,135770972,7,348.75,0,11.2,0,0,0,0,6,NC 5 Heata -0 L,34.801613,135.770972
7,2.59,34801613,135770971,7,348.75,0,11.2,0,0,0,0,2,NC 0 Donea -0 L,34.801613,135.770971
7,3,34801613,135770971,7,326.25,0,22.5,0,2,0,0,2,t-0.87 Left-0 L,34.801613,135.770971
7,3.1,34801613,135770971,7,337.5,0,0,0,2,0,0,2,t-0.87 Left-0 L,34.801613,135.770971
7,3.2,34801613,135770971,7,337.5,0,0,0,2,0,0,2,t-0.95 Left-0 L,34.801613,135.770971
7,3.3,34801613,135770971,7,337.5,0,0,0,2,0,0,2,t-0.95 Left-0 L,34.801613,135.770971
7,3.4,34801613,135770971,6,337.5,0,0,0,2,0,0,2,t-0.95 Left-0 L,34.801613,135.770971
7,3.5,34801613,135770971,6,326.25,0,0,0,2,0,0,2,t-0.95 Left-0 L,34.801613,135.770971
7,3.6,34801613,135770970,7,326.25,0,0,0,2,0,0,2,t-0.87 Left-0 L,34.801613,135.77097
7,3.7,34801613,135770970,7,326.25,0,0,0,2,0,0,2,t-0.87 Left-0 L,34.801613,135.77097
7,3.8,34801613,135770970,7,337.5,0,0,0,2,0,0,2,t-0.87 Left-0 L,34.801613,135.77097
7,3.9,34801613,135770970,7,337.5,0,0,0,2,0,0,2,t-0.87 Left-0 L,34.801613,135.77097
7,3.1,34801613,135770970,7,337.5,0,0,0,2,0,0,2,t-0.89 Left-0 L,34.801613,135.77097
7,3.11,34801613,135770970,7,326.25,0,0,0,2,0,0,2,t-0.89 Left-0 L,34.801613,135.77097
7,3.12,34801613,135770970,7,326.25,0,0,0,2,0,0,2,t-0.89 Left-0 L,34.801613,135.77097
7,3.13,34801613,135770970,7,326.25,0,0,0,2,0,0,2,t-0.78 Left-0 L,34.801613,135.77097
7,3.14,34801613,135770969,7,315,0,0,0,2,0,0,2,t-0.78 Left-0 L,34.801613,135.770969
7,3.15,34801613,135770969,7,337.5,0,0,0,2,0,0,2,t-0.78 Left-0 L,34.801613,135.770969
7,3.17,34801613,135770969,7,337.5,0,0,0,2,0,0,2,t-0.78 Left-0 L,34.801613,135.770969
7,3.18,34801613,135770969,7,337.5,0,0,0,2,0,0,2,t-0.78 Left-0 L,34.801613,135.770969
7,3.19,34801613,135770969,7,337.5,0,0,0,2,0,0,2,t-0.78 Left-0 L,34.801613,135.770969
7,3.2,34801613,135770969,6,337.5,0,0,0,2,0,0,2,t-0.78 Left-0 L,34.801613,135.770969
7,3.21,34801613,135770969,7,337.5,0,0,0,2,0,0,2,t-0.78 Left-0 L,34.801613,135.770969
7,3.22,34801613,135770969,7,337.5,0,0,0,2,0,0,2,t-0.78 Left-0 L,34.801613,135.770969
7,3.23,34801613,135770969,7,337.5,0,0,0,2,0,0,2,t-0.78 Left-0 L,34.801613,135.770969
7,3.24,34801612,135770968,7,337.5,0,0,0,2,0,0,2,t-1.00 Left-0 L,34.801612,135.770968
7,3.25,34801612,135770968,7,337.5,0,0,0,2,0,0,2,t-0.95 Left-0 L,34.801612,135.770968
7,3.26,34801612,135770968,7,337.5,0,0,0,2,0,0,2,t-0.95 Left-0 L,34.801612,135.770968
7,3.27,34801612,135770967,7,337.5,0,0,0,2,0,0,2,t-0.90 Left-0 L,34.801612,135.770967
7,3.28,34801612,135770967,7,326.25,0,0,0,2,0,0,2,t-0.90 Left-0 L,34.801612,135.770967
7,3.29,34801612,135770967,7,326.25,0,0,0,2,0,0,2,t-0.90 Left-0 L,34.801612,135.770967
7,3.3,34801612,135770967,7,326.25,0,0,0,2,0,0,2,t-0.90 Left-0 L,34.801612,135.770967
7,3.31,34801612,135770967,7,326.25,0,0,0,2,0,0,2,t-0.90 Left-0 L,34.801612,135.770967
7,3.32,34801612,135770967,7,326.25,0,0,0,2,0,0,2,t-0.90 Left-0 L,34.801612,135.770967
7,3.33,34801612,135770966,7,326.25,0,0,0,2,0,0,2,t-0.80 Left-0 L,34.801612,135.770966
7,3.34,34801612,135770966,7,326.25,0,0,0,2,0,0,2,t-0.80 Left-0 L,34.801612,135.770966
7,3.35,34801612,135770966,7,326.25,0,0,0,2,0,0,2,t-0.81 Left-0 L,34.801612,135.770966
7,3.36,34801612,135770966,7,326.25,0,0,0,2,0,0,2,t-0.81 Left-0 L,34.801612,135.770966
7,3.37,34801612,135770966,7,326.25,0,0,0,2,0,0,2,t-0.81 Left-0 L,34.801612,135.770966
7,3.38,34801612,135770966,7,326.25,0,0,0,2,0,0,2,t-0.74 Left-0 L,34.801612,135.770966
7,3.39,34801612,135770966,7,326.25,0,0,0,2,0,0,2,t-0.70 Left-0 L,34.801612,135.770966
7,3.4,34801612,135770966,7,315,0,0,0,2,0,0,2,t-0.53 Left-0 L,34.801612,135.770966
7,3.41,34801612,135770966,7,315,0,0,0,2,0,0,2,t-0.53 Left-0 L,34.801612,135.770966
7,3.43,34801612,135770966,7,303.75,0,0,0,2,0,0,2,t-0.53 Left-0 L,34.801612,135.770966
7,3.44,34801612,135770966,7,303.75,0,0,0,2,0,0,2,t-0.49 Left-0 L,34.801612,135.770966
7,3.45,34801612,135770966,7,303.75,0,0,0,2,0,0,2,t-0.49 Left-0 L,34.801612,135.770966
7,3.46,34801612,135770966,7,303.75,0,0,0,2,0,0,2,t-0.49 Left-0 L,34.801612,135.770966
7,3.47,34801612,135770966,7,303.75,0,0,0,2,0,0,2,t-0.49 Left-0 L,34.801612,135.770966
7,3.48,34801612,135770966,7,303.75,0,0,0,2,0,0,2,t-0.49 Left-0 L,34.801612,135.770966
7,3.49,34801612,135770966,7,292.5,0,0,0,2,0,0,2,t-0.49 Left-0 L,34.801612,135.770966
7,3.5,34801611,135770965,7,292.5,0,0,0,0,0,0,2,t-0.22 ForwardL,34.801611,135.770965
7,3.51,34801611,135770965,7,292.5,0,0,0,0,0,0,2,t-0.22 ForwardL,34.801611,135.770965
7,3.52,34801611,135770965,7,292.5,0,0,0,0,0,0,2,t-0.22 ForwardL,34.801611,135.770965
7,3.53,34801611,135770964,7,292.5,0,0,0,0,0,0,2,t-0.13 ForwardL,34.801611,135.770964
7,3.54,34801611,135770964,7,292.5,0,0,0,0,0,0,2,t-0.13 ForwardL,34.801611,135.770964
7,3.55,34801611,135770964,7,292.5,0,0,0,0,0,0,2,t-0.27 ForwardL,34.801611,135.770964
7,3.56,34801611,135770964,7,303.75,0,0,0,0,0,0,2,t-0.27 ForwardL,34.801611,135.770964
7,3.57,34801611,135770964,7,303.75,0,0,0,0,0,0,2,t-0.27 ForwardL,34.801611,135.770964
7,3.58,34801611,135770964,7,303.75,0,0,0,0,0,0,2,t-0.37 ForwardL,34.801611,135.770964
7,3.59,34801611,135770964,7,303.75,0,0,0,0,0,0,2,t-0.37 ForwardL,34.801611,135.770964
7,4,34801611,135770964,7,303.75,0,0,0,0,0,0,2,t-0.37 ForwardL,34.801611,135.770964
7,4.1,34801611,135770964,7,303.75,0,0,0,0,0,0,2,t-0.37 ForwardL,34.801611,135.770964
7,4.2,34801611,135770964,7,303.75,0,0,0,0,0,0,2,t-0.37 ForwardL,34.801611,135.770964
7,4.3,34801610,135770964,7,315,0,0,0,0,0,0,2,t-0.34 ForwardL,34.80161,135.770964
7,4.4,34801610,135770964,7,315,0,0,0,0,0,0,2,t-0.39 ForwardL,34.80161,135.770964
7,4.5,34801610,135770964,7,303.75,0,0,0,2,0,0,2,t-0.42 LeftrdL,34.80161,135.770964
7,4.6,34801610,135770964,7,315,0,0,0,0,0,0,2,t-0.37 ForwardL,34.80161,135.770964
7,4.7,34801610,135770964,7,303.75,0,0,0,2,0,0,2,t-0.43 LeftrdL,34.80161,135.770964
7,4.9,34801610,135770964,7,315,0,0,0,0,0,0,2,t-0.34 ForwardL,34.80161,135.770964
7,4.1,34801610,135770964,7,292.5,0,0,0,0,0,0,2,t-0.34 ForwardL,34.80161,135.770964
7,4.11,34801610,135770964,7,292.5,0,0,0,0,0,0,2,t-0.34 ForwardL,34.80161,135.770964
7,4.12,34801610,135770964,7,292.5,0,0,0,0,0,0,2,t-0.34 ForwardL,34.80161,135.770964
7,4.13,34801610,135770964,7,292.5,0,0,0,0,0,0,2,t-0.34 ForwardL,34.80161,135.770964
7,4.14,34801610,135770964,7,292.5,0,0,0,0,0,0,2,t-0.34 ForwardL,34.80161,135.770964
7,4.15,34801610,135770964,7,292.5,0,0,0,0,0,0,2,t-0.34 ForwardL,34.80161,135.770964
7,4.16,34801610,135770963,7,292.5,0,0,0,0,0,0,2,t-0.32 ForwardL,34.80161,135.770963
7,4.17,34801610,135770963,7,303.75,0,0,0,2,0,0,2,t-0.41 LeftrdL,34.80161,135.770963
7,4.18,34801610,135770963,7,303.75,0,0,0,2,0,0,2,t-0.41 LeftrdL,34.80161,135.770963
7,4.19,34801610,135770963,7,303.75,0,0,0,2,0,0,2,t-0.41 LeftrdL,34.80161,135.770963
7,4.2,34801610,135770963,7,303.75,0,0,0,2,0,0,2,t-0.41 LeftrdL,34.80161,135.770963
7,4.21,34801610,135770963,7,303.75,0,0,0,2,0,0,2,t-0.41 LeftrdL,34.80161,135.770963
7,4.22,34801609,135770963,7,303.75,0,0,0,0,0,0,2,t-0.36 ForwardL,34.801609,135.770963
7,4.23,34801609,135770963,7,303.75,0,0,0,0,0,1,2,stack leftardL,34.801609,135.770963
7,4.24,34801609,135770963,7,303.75,0,0,0,0,0,1,2,stack rightrdL,34.801609,135.770963
7,4.25,34801609,135770963,7,326.25,0,0,0,0,0,1,2,stack rightrdL,34.801609,135.770963
7,4.26,34801609,135770963,7,315,0,0,0,0,0,1,2,stack rightrdL,34.801609,135.770963
7,4.27,34801609,135770963,7,315,0,0,0,0,0,1,2,stack rightrdL,34.801609,135.770963
7,4.28,34801609,135770963,7,303.75,0,0,0,0,0,1,2,stack rightrdL,34.801609,135.770963
7,4.29,34801609,135770963,7,303.75,0,0,0,0,0,1,2,stack rightrdL,34.801609,135.770963
7,4.3,34801607,135770963,7,303.75,0,0,0,0,0,1,2,stack leftrdL,34.801607,135.770963
7,4.31,34801607,135770963,7,303.75,0,0,0,0,0,1,2,stack leftrdL,34.801607,135.770963
7,4.32,34801607,135770963,7,315,0,0,0,0,0,1,2,stack leftrdL,34.801607,135.770963
7,4.33,34801607,135770963,7,315,0,0,0,0,0,1,2,stack leftrdL,34.801607,135.770963
7,4.35,34801606,135770963,7,0,0,0,0,0,0,1,2,stack rightrdL,34.801606,135.770963
7,4.36,34801606,135770963,7,337.5,0,0,0,0,0,1,2,stack leftrdL,34.801606,135.770963
7,4.37,34801606,135770963,7,326.25,0,0,0,0,0,1,2,stack leftrdL,34.801606,135.770963
7,4.38,34801606,135770963,7,326.25,0,0,0,0,0,1,2,stack leftrdL,34.801606,135.770963
7,4.39,34801606,135770963,7,326.25,0,0,0,0,0,1,2,stack leftrdL,34.801606,135.770963
7,4.4,34801606,135770963,7,326.25,0,0,0,0,0,1,2,stack leftrdL,34.801606,135.770963
7,4.41,34801606,135770963,7,326.25,0,0,0,0,0,1,2,stack leftrdL,34.801606,135.770963
7,4.42,34801606,135770963,7,326.25,0,0,0,0,0,1,2,stack leftrdL,34.801606,135.770963
7,4.43,34801605,135770963,7,326.25,0,0,0,0,0,1,2,stack leftrdL,34.801605,135.770963
7,4.44,34801605,135770963,7,326.25,0,0,0,0,0,1,2,stack leftrdL,34.801605,135.770963
7,4.45,34801605,135770963,7,326.25,0,0,0,0,0,1,2,stack leftrdL,34.801605,135.770963
7,4.46,34801605,135770963,7,326.25,0,0,0,0,0,1,2,stack leftrdL,34.801605,135.770963
7,4.47,34801605,135770963,7,326.25,0,0,0,0,0,1,2,stack rightrdL,34.801605,135.770963
7,4.48,34801605,135770963,7,0,0,0,0,2,0,0,2,t-1.39 Leftk cn,34.801605,135.770963
7,4.49,34801605,135770963,7,337.5,0,0,0,2,0,0,2,t-1.39 Leftk cn,34.801605,135.770963
7,4.5,34801605,135770963,7,337.5,0,0,0,2,0,0,2,t-1.39 Leftk cn,34.801605,135.770963
7,4.51,34801605,135770963,7,337.5,0,0,0,2,0,0,2,t-1.39 Leftk cn,34.801605,135.770963
7,4.52,34801605,135770963,7,337.5,0,0,0,2,0,0,2,t-1.39 Leftk cn,34.801605,135.770963
7,4.53,34801605,135770963,7,337.5,0,0,0,2,0,0,2,t-1.39 Leftk cn,34.801605,135.770963
7,4.54,34801606,135770963,7,326.25,0,0,0,2,0,0,2,t-0.99 Leftk cn,34.801606,135.770963
7,4.55,34801606,135770963,7,315,0,0,0,2,0,0,2,t-0.92 Leftk cn,34.801606,135.770963
7,4.56,34801606,135770963,7,315,0,0,0,2,0,0,2,t-0.92 Leftk cn,34.801606,135.770963
7,4.57,34801606,135770963,7,326.25,0,0,0,2,0,0,2,t-0.92 Leftk cn,34.801606,135.770963
7,4.58,34801606,135770963,7,326.25,0,0,0,2,0,0,2,t-0.92 Leftk cn,34.801606,135.770963
7,4.59,34801606,135770963,7,315,0,0,0,2,0,0,2,t-0.92 Leftk cn,34.801606,135.770963
7,5.1,34801605,135770963,7,326.25,0,0,0,2,0,0,2,t-0.78 Leftk cn,34.801605,135.770963
7,5.2,34801605,135770963,7,326.25,0,0,0,2,0,0,2,t-0.85 Leftk cn,34.801605,135.770963
7,5.3,34801605,135770963,7,326.25,0,0,0,2,0,0,2,t-0.85 Leftk cn,34.801605,135.770963
7,5.4,34801605,135770963,7,326.25,0,0,0,2,0,0,2,t-0.85 Leftk cn,34.801605,135.770963
7,5.5,34801605,135770963,7,326.25,0,0,0,2,0,0,2,t-0.85 Leftk cn,34.801605,135.770963
7,5.6,34801605,135770963,7,326.25,0,0,0,2,0,0,2,t-0.85 Leftk cn,34.801605,135.770963
7,5.7,34801605,135770962,7,326.25,0,0,0,2,0,0,2,t-0.89 Leftk cn,34.801605,135.770962
7,5.8,34801605,135770962,7,326.25,0,0,0,2,0,0,2,t-0.89 Leftk cn,34.801605,135.770962
7,5.9,34801605,135770961,7,326.25,0,0,0,2,0,0,2,t-0.89 Leftk cn,34.801605,135.770961
7,5.1,34801605,135770961,7,326.25,0,0,0,2,0,0,2,t-0.89 Leftk cn,34.801605,135.770961
7,5.11,34801605,135770961,7,326.25,0,0,0,2,0,0,2,t-0.88 Leftk cn,34.801605,135.770961
7,5.12,34801605,135770961,7,326.25,0,0,0,2,0,0,2,t-0.89 Leftk cn,34.801605,135.770961
7,5.13,34801605,135770960,7,326.25,0,0,0,2,0,0,2,t-0.87 Leftk cn,34.801605,135.77096
7,5.14,34801605,135770960,7,326.25,0,0,0,2,0,0,2,t-0.86 Leftk cn,34.801605,135.77096
7,5.15,34801605,135770960,7,326.25,0,0,0,2,0,0,2,t-0.86 Leftk cn,34.801605,135.77096
7,5.16,34801605,135770960,7,326.25,0,0,0,2,0,0,2,t-0.89 Leftk cn,34.801605,135.77096
7,5.17,34801605,135770960,7,326.25,0,0,0,2,0,0,2,t-0.89 Leftk cn,34.801605,135.77096
7,5.18,34801605,135770960,8,326.25,0,0,0,2,0,0,2,t-0.89 Leftk cn,34.801605,135.77096
7,5.19,34801605,135770960,8,326.25,0,0,0,2,0,0,2,t-0.89 Leftk cn,34.801605,135.77096
7,5.2,34801605,135770959,7,326.25,0,0,0,2,0,0,2,t-0.88 Leftk cn,34.801605,135.770959
7,5.21,34801605,135770959,7,326.25,0,0,0,2,0,0,2,t-0.89 Leftk cn,34.801605,135.770959
7,5.22,34801605,135770959,7,326.25,0,0,0,2,0,0,2,t-0.86 Leftk cn,34.801605,135.770959
7,5.23,34801605,135770958,8,326.25,0,0,0,2,0,0,2,t-0.86 Leftk cn,34.801605,135.770958
7,5.24,34801605,135770958,8,326.25,0,0,0,2,0,0,2,t-0.85 Leftk cn,34.801605,135.770958
7,5.25,34801605,135770958,8,326.25,0,0,0,2,0,0,2,t-0.84 Leftk cn,34.801605,135.770958
7,5.27,34801605,135770958,8,326.25,0,0,0,2,0,0,2,t-0.85 Leftk cn,34.801605,135.770958
7,5.28,34801605,135770958,8,326.25,0,0,0,2,0,0,2,t-0.84 Leftk cn,34.801605,135.770958
7,5.29,34801605,135770958,8,326.25,0,0,0,2,0,0,2,t-0.87 Leftk cn,34.801605,135.770958
7,5.3,34801604,135770958,7,326.25,0,0,0,2,0,0,2,t-0.89 Leftk cn,34.801604,135.770958
7,5.31,34801604,135770958,7,326.25,0,0,0,2,0,0,2,t-0.89 Leftk cn,34.801604,135.770958
7,5.32,34801604,135770958,7,326.25,0,0,0,2,0,0,2,t-0.89 Leftk cn,34.801604,135.770958
7,5.33,34801604,135770958,8,326.25,0,0,0,2,0,0,2,t-0.89 Leftk cn,34.801604,135.770958
7,5.34,34801604,135770958,8,326.25,0,0,0,2,0,0,2,t-0.89 Leftk cn,34.801604,135.770958
7,5.35,34801604,135770958,8,326.25,0,0,0,2,0,0,2,t-0.89 Leftk cn,34.801604,135.770958
7,5.36,34801604,135770958,7,326.25,0,0,0,2,0,0,2,t-0.85 Leftk cn,34.801604,135.770958
7,5.37,34801604,135770958,7,326.25,0,0,0,2,0,0,2,t-0.88 Leftk cn,34.801604,135.770958
7,5.38,34801604,135770958,7,326.25,0,0,0,2,0,0,2,t-0.89 Leftk cn,34.801604,135.770958
7,5.39,34801604,135770958,7,326.25,0,0,0,2,0,0,2,t-0.89 Leftk cn,34.801604,135.770958
7,5.4,34801604,135770958,7,326.25,0,0,0,2,0,0,2,t-0.87 Leftk cn,34.801604,135.770958
7,5.41,34801604,135770958,7,326.25,0,0,0,2,0,0,2,t-0.87 Leftk cn,34.801604,135.770958
7,5.42,34801604,135770958,8,326.25,0,0,0,2,0,0,2,t-0.87 Leftk cn,34.801604,135.770958
7,5.43,34801604,135770958,8,326.25,0,0,0,2,0,0,2,t-0.87 Leftk cn,34.801604,135.770958
7,5.44,34801604,135770958,8,326.25,0,0,0,2,0,0,2,t-0.87 Leftk cn,34.801604,135.770958
7,5.45,34801604,135770958,7,326.25,0,0,0,2,0,0,2,t-0.86 Leftk cn,34.801604,135.770958
7,5.46,34801605,135770958,8,326.25,0,0,0,2,0,0,2,t-0.84 Leftk cn,34.801605,135.770958
7,5.47,34801605,135770958,8,326.25,0,0,0,2,0,0,2,t-0.85 Leftk cn,34.801605,135.770958
7,5.48,34801605,135770958,8,326.25,0,0,0,2,0,0,2,t-0.84 Leftk cn,34.801605,135.770958
7,5.49,34801605,135770958,8,326.25,0,0,0,2,0,0,2,t-0.83 Leftk cn,34.801605,135.770958
7,5.5,34801605,135770958,8,326.25,0,0,0,2,0,0,2,t-0.84 Leftk cn,34.801605,135.770958
7,5.51,34801605,135770958,8,326.25,0,0,0,2,0,0,2,t-0.84 Leftk cn,34.801605,135.770958
7,5.53,34801605,135770958,8,326.25,0,0,0,2,0,0,2,t-0.84 Leftk cn,34.801605,135.770958
7,5.54,34801605,135770958,8,326.25,0,0,0,2,0,0,2,t-0.88 Leftk cn,34.801605,135.770958
7,5.55,34801605,135770958,8,326.25,0,0,0,2,0,0,2,t-0.87 Leftk cn,34.801605,135.770958
7,5.56,34801605,135770958,8,326.25,0,0,0,2,0,0,2,t-0.86 Leftk cn,34.801605,135.770958
7,5.57,34801605,135770958,7,326.25,0,0,0,2,0,0,2,t-0.86 Leftk cn,34.801605,135.770958
7,5.58,34801605,135770958,8,326.25,0,0,0,2,0,0,2,t-0.86 Leftk cn,34.801605,135.770958
7,5.59,34801605,135770958,8,326.25,0,0,0,2,0,0,2,t-0.86 Leftk cn,34.801605,135.770958
7,6,34801605,135770958,8,326.25,0,0,0,2,0,0,2,t-0.86 Leftk cn,34.801605,135.770958
7,6.1,34801605,135770958,8,326.25,0,0,0,2,0,0,2,t-0.86 Leftk cn,34.801605,135.770958
7,6.2,34801605,135770958,8,326.25,0,0,0,2,0,0,2,t-0.86 Leftk cn,34.801605,135.770958
7,6.3,34801605,135770958,8,326.25,0,0,0,2,0,0,2,t-0.87 Leftk cn,34.801605,135.770958
7,6.4,34801605,135770958,8,326.25,0,0,0,2,0,0,2,t-0.89 Leftk cn,34.801605,135.770958
7,6.5,34801605,135770958,8,326.25,0,0,0,2,0,0,2,t-0.89 Leftk cn,34.801605,135.770958
7,6.6,34801605,135770958,8,326.25,0,0,0,2,0,0,2,t-0.87 Leftk cn,34.801605,135.770958
7,6.7,34801605,135770958,8,326.25,0,0,0,2,0,0,2,t-0.89 Leftk cn,34.801605,135.770958
7,6.8,34801605,135770957,8,326.25,0,0,0,2,0,0,2,t-0.89 Leftk cn,34.801605,135.770957
7,6.9,34801605,135770957,8,326.25,0,0,0,2,0,0,2,t-0.89 Leftk cn,34.801605,135.770957
7,6.1,34801605,135770957,8,326.25,0,0,0,2,0,0,2,t-0.89 Leftk cn,34.801605,135.770957
7,6.11,34801605,135770957,8,326.25,0,0,0,2,0,0,2,t-0.89 Leftk cn,34.801605,135.770957
7,6.12,34801605,135770957,8,326.25,0,0,0,2,0,0,2,t-0.89 Leftk cn,34.801605,135.770957
7,6.13,34801605,135770957,8,326.25,0,0,0,2,0,0,2,t-0.88 Leftk cn,34.801605,135.770957
7,6.14,34801605,135770957,8,326.25,0,0,0,2,0,0,2,t-0.89 Leftk cn,34.801605,135.770957
7,6.15,34801605,135770957,8,326.25,0,0,0,2,0,0,2,t-0.89 Leftk cn,34.801605,135.770957
7,6.16,34801605,135770958,8,326.25,0,0,0,2,0,0,2,t-0.89 Leftk cn,34.801605,135.770958
7,6.17,34801605,135770958,8,326.25,0,0,0,2,0,0,2,t-0.89 Leftk cn,34.801605,135.770958
7,6.19,34801605,135770958,7,326.25,0,0,0,2,0,0,2,t-0.89 Leftk cn,34.801605,135.770958
7,6.2,34801605,135770958,8,326.25,0,0,0,2,0,0,2,t-0.87 Leftk cn,34.801605,135.770958
7,6.21,34801605,135770958,8,326.25,0,0,0,2,0,0,2,t-0.87 Leftk cn,34.801605,135.770958
7,6.22,34801605,135770958,7,326.25,0,0,0,2,0,0,2,t-0.87 Leftk cn,34.801605,135.770958
7,6.23,34801605,135770958,8,326.25,0,0,0,2,0,0,2,t-0.87 Leftk cn,34.801605,135.770958
7,6.24,34801605,135770958,8,326.25,0,0,0,2,0,0,2,t-0.87 Leftk cn,34.801605,135.770958
7,6.25,34801605,135770958,8,326.25,0,0,0,2,0,0,2,t-0.87 Leftk cn,34.801605,135.770958
7,6.26,34801605,135770957,8,326.25,0,0,0,2,0,0,2,t-0.89 Leftk cn,34.801605,135.770957
7,6.27,34801605,135770957,8,326.25,0,0,0,2,0,0,2,t-0.88 Leftk cn,34.801605,135.770957
7,6.28,34801605,135770957,8,326.25,0,0,0,2,0,0,2,t-0.85 Leftk cn,34.801605,135.770957
7,6.29,34801605,135770957,8,326.25,0,0,0,2,0,0,2,t-0.85 Leftk cn,34.801605,135.770957
7,6.3,34801605,135770957,8,326.25,0,0,0,2,0,0,2,t-0.85 Leftk cn,34.801605,135.770957
7,6.31,34801605,135770957,8,326.25,0,0,0,2,0,0,2,t-0.85 Leftk cn,34.801605,135.770957
7,6.32,34801605,135770957,8,326.25,0,0,0,2,0,0,2,t-0.85 Leftk cn,34.801605,135.770957
7,6.33,34801605,135770958,8,326.25,0,0,0,2,0,0,2,t-0.86 Leftk cn,34.801605,135.770958
7,6.34,34801605,135770958,8,326.25,0,0,0,2,0,0,2,t-0.84 Leftk cn,34.801605,135.770958
7,6.35,34801606,135770958,8,326.25,0,0,0,2,0,0,2,t-0.82 Leftk cn,34.801606,135.770958
7,6.36,34801606,135770958,8,326.25,0,0,0,2,0,0,2,t-0.82 Leftk cn,34.801606,135.770958
7,6.37,34801606,135770958,7,326.25,0,0,0,2,0,0,2,t-0.82 Leftk cn,34.801606,135.770958
7,6.38,34801606,135770958,8,326.25,0,0,0,2,0,0,2,t-0.85 Leftk cn,34.801606,135.770958
7,6.39,34801606,135770958,8,326.25,0,0,0,2,0,0,2,t-0.88 Leftk cn,34.801606,135.770958
7,6.4,34801606,135770958,8,326.25,0,0,0,2,0,0,2,t-0.87 Leftk cn,34.801606,135.770958
7,6.41,34801606,135770958,8,326.25,0,0,0,2,0,0,2,t-0.86 Leftk cn,34.801606,135.770958
7,6.42,34801606,135770958,8,326.25,0,0,0,2,0,0,2,t-0.84 Leftk cn,34.801606,135.770958
7,6.43,34801606,135770958,8,326.25,0,0,0,2,0,0,2,t-0.83 Leftk cn,34.801606,135.770958
7,6.45,34801606,135770958,8,326.25,0,0,0,2,0,0,2,t-0.84 Leftk cn,34.801606,135.770958
7,6.46,34801606,135770958,8,326.25,0,0,0,2,0,0,2,t-0.87 Leftk cn,34.801606,135.770958
7,6.47,34801606,135770958,7,326.25,0,0,0,2,0,0,2,t-0.87 Leftk cn,34.801606,135.770958
7,6.48,34801606,135770958,8,326.25,0,0,0,2,0,0,2,t-0.85 Leftk cn,34.801606,135.770958
7,6.49,34801606,135770958,7,326.25,0,0,0,2,0,0,2,t-0.85 Leftk cn,34.801606,135.770958
7,6.5,34801606,135770958,7,326.25,0,0,0,2,0,0,2,t-0.85 Leftk cn,34.801606,135.770958
7,6.51,34801606,135770958,8,326.25,0,0,0,2,0,0,2,t-0.85 Leftk cn,34.801606,135.770958
7,6.52,34801606,135770958,8,326.25,0,0,0,2,0,0,2,t-0.85 Leftk cn,34.801606,135.770958
7,6.53,34801606,135770958,8,326.25,0,0,0,2,0,0,2,t-0.85 Leftk cn,34.801606,135.770958
7,6.54,34801610,135770957,8,326.25,0,0,0,2,0,0,2,t-0.84 Leftk cn,34.80161,135.770957
7,6.55,34801612,135770947,9,326.25,0,0,0,2,0,0,2,t-0.81 Leftk cn,34.801612,135.770947
7,6.56,34801615,135770929,10,326.25,0,0,0,2,0,0,2,t-0.80 Leftk cn,34.801615,135.770929
7,6.57,34801616,135770931,10,326.25,0,0,0,2,0,0,2,t-0.80 Leftk cn,34.801616,135.770931
7,6.58,34801616,135770932,10,326.25,0,0,0,2,0,0,2,t-0.80 Leftk cn,34.801616,135.770932
7,6.59,34801616,135770932,10,326.25,0,0,0,2,0,0,2,t-0.80 Leftk cn,34.801616,135.770932
7,7,34801616,135770932,10,326.25,0,0,0,2,0,0,2,t-0.80 Leftk cn,34.801616,135.770932
7,7.1,34801615,135770934,10,326.25,0,0,0,2,0,0,2,t-0.81 Leftk cn,34.801615,135.770934
7,7.2,34801615,135770935,10,326.25,0,0,0,2,0,0,2,t-0.80 Leftk cn,34.801615,135.770935
7,7.3,34801615,135770935,10,326.25,0,0,0,2,0,0,2,t-0.80 Leftk cn,34.801615,135.770935
7,7.4,34801615,135770936,10,326.25,0,0,0,2,0,0,2,t-0.78 Leftk cn,34.801615,135.770936
7,7.5,34801614,135770937,10,326.25,0,0,0,2,0,0,2,t-0.82 Leftk cn,34.801614,135.770937
7,7.6,34801613,135770937,10,326.25,0,0,0,2,0,0,2,t-0.82 Leftk cn,34.801613,135.770937
7,7.7,34801612,135770938,9,326.25,0,0,0,2,0,0,2,t-0.85 Leftk cn,34.801612,135.770938
7,7.8,34801611,135770938,9,326.25,0,0,0,2,0,0,2,t-0.85 Leftk cn,34.801611,135.770938
7,7.9,34801611,135770938,9,326.25,0,0,0,2,0,0,2,t-0.85 Leftk cn,34.801611,135.770938
7,7.11,34801611,135770939,9,326.25,0,0,0,2,0,0,2,t-0.84 Leftk cn,34.801611,135.770939
7,7.12,34801611,135770939,9,326.25,0,0,0,2,0,0,2,t-0.82 Leftk cn,34.801611,135.770939
7,7.13,34801610,135770939,9,326.25,0,0,0,2,0,0,2,t-0.83 Leftk cn,34.80161,135.770939
7,7.14,34801610,135770939,9,326.25,0,0,0,2,0,0,2,t-0.83 Leftk cn,34.80161,135.770939
7,7.15,34801610,135770939,9,326.25,0,0,0,2,0,0,2,t-0.83 Leftk cn,34.80161,135.770939
7,7.16,34801610,135770939,9,326.25,0,0,0,2,0,0,2,t-0.83 Leftk cn,34.80161,135.770939
7,7.17,34801610,135770939,9,326.25,0,0,0,2,0,0,2,t-0.83 Leftk cn,34.80161,135.770939
7,7.18,34801609,135770940,9,326.25,0,0,0,2,0,0,2,t-0.84 Leftk cn,34.801609,135.77094
7,7.19,34801609,135770941,9,326.25,0,0,0,2,0,0,2,t-0.83 Leftk cn,34.801609,135.770941
7,7.2,34801609,135770941,9,326.25,0,0,0,2,0,0,2,t-0.83 Leftk cn,34.801609,135.770941
7,7.21,34801609,135770941,9,326.25,0,0,0,2,0,0,2,t-0.86 Leftk cn,34.801609,135.770941
7,7.22,34801608,135770941,9,326.25,0,0,0,2,0,0,2,t-0.87 Leftk cn,34.801608,135.770941
7,7.23,34801608,135770942,9,326.25,0,0,0,2,0,0,2,t-0.86 Leftk cn,34.801608,135.770942
7,7.24,34801608,135770942,9,326.25,0,0,0,2,0,0,2,t-0.84 Leftk cn,34.801608,135.770942
7,7.25,34801608,135770942,9,326.25,0,0,0,2,0,0,2,t-0.84 Leftk cn,34.801608,135.770942
7,7.26,34801607,135770942,9,326.25,0,0,0,2,0,0,2,t-0.88 Leftk cn,34.801607,135.770942
7,7.27,34801607,135770942,9,326.25,0,0,0,2,0,0,2,t-0.88 Leftk cn,34.801607,135.770942
7,7.28,34801607,135770942,9,326.25,0,0,0,2,0,0,2,t-0.88 Leftk cn,34.801607,135.770942
7,7.29,34801607,135770943,9,326.25,0,0,0,2,0,0,2,t-0.87 Leftk cn,34.801607,135.770943
7,7.3,34801607,135770943,9,326.25,0,0,0,2,0,0,2,t-0.90 Leftk cn,34.801607,135.770943
7,7.31,34801607,135770944,9,326.25,0,0,0,2,0,0,2,t-0.88 Leftk cn,34.801607,135.770944
7,7.32,34801607,135770944,9,326.25,0,0,0,2,0,0,2,t-0.87 Leftk cn,34.801607,135.770944
7,7.33,34801607,135770944,9,326.25,0,0,0,2,0,0,2,t-0.87 Leftk cn,34.801607,135.770944
7,7.34,34801607,135770944,9,326.25,0,0,0,2,0,0,2,t-0.87 Leftk cn,34.801607,135.770944
7,7.35,34801607,135770944,9,326.25,0,0,0,2,0,0,2,t-0.87 Leftk cn,34.801607,135.770944
7,7.37,34801607,135770944,9,326.25,0,0,0,2,0,0,2,t-0.87 Leftk cn,34.801607,135.770944
7,7.38,34801607,135770945,9,326.25,0,0,0,2,0,0,2,t-0.83 Leftk cn,34.801607,135.770945
7,7.39,34801607,135770945,9,326.25,0,0,0,2,0,0,2,t-0.83 Leftk cn,34.801607,135.770945
7,7.4,34801607,135770945,9,326.25,0,0,0,2,0,0,2,t-0.83 Leftk cn,34.801607,135.770945
7,7.41,34801607,135770945,9,326.25,0,0,0,2,0,0,2,t-0.83 Leftk cn,34.801607,135.770945
7,7.42,34801607,135770945,9,326.25,0,0,0,2,0,0,2,t-0.83 Leftk cn,34.801607,135.770945
7,7.43,34801607,135770945,9,326.25,0,0,0,2,0,0,2,t-0.83 Leftk cn,34.801607,135.770945
7,7.44,34801607,135770947,9,326.25,0,0,0,2,0,0,2,t-0.85 Leftk cn,34.801607,135.770947
7,7.45,34801607,135770947,9,326.25,0,0,0,2,0,0,2,t-0.86 Leftk cn,34.801607,135.770947
7,7.46,34801607,135770947,9,326.25,0,0,0,2,0,0,2,t-0.85 Leftk cn,34.801607,135.770947
7,7.47,34801607,135770947,9,326.25,0,0,0,2,0,0,2,t-0.85 Leftk cn,34.801607,135.770947
7,7.48,34801607,135770947,9,326.25,0,0,0,2,0,0,2,t-0.84 Leftk cn,34.801607,135.770947
7,7.49,34801607,135770948,8,326.25,0,0,0,2,0,0,2,t-0.83 Leftk cn,34.801607,135.770948
7,7.5,34801607,135770948,8,326.25,0,0,0,2,0,0,2,t-0.84 Leftk cn,34.801607,135.770948
7,7.51,34801607,135770948,8,326.25,0,0,0,2,0,0,2,t-0.84 Leftk cn,34.801607,135.770948
7,7.52,34801607,135770948,8,326.25,0,0,0,2,0,0,2,t-0.83 Leftk cn,34.801607,135.770948
7,7.53,34801607,135770948,8,326.25,0,0,0,2,0,0,2,t-0.85 Leftk cn,34.801607,135.770948
7,7.54,34801607,135770948,8,326.25,0,0,0,2,0,0,2,t-0.83 Leftk cn,34.801607,135.770948
7,7.55,34801607,135770948,8,326.25,0,0,0,2,0,0,2,t-0.82 Leftk cn,34.801607,135.770948
7,7.56,34801606,135770948,8,326.25,0,0,0,2,0,0,2,t-0.87 Leftk cn,34.801606,135.770948
7,7.57,34801606,135770948,8,326.25,0,0,0,2,0,0,2,t-0.90 Leftk cn,34.801606,135.770948
7,7.58,34801606,135770948,8,326.25,0,0,0,2,0,0,2,t-0.86 Leftk cn,34.801606,135.770948
7,7.59,34801606,135770948,8,326.25,0,0,0,2,0,0,2,t-0.86 Leftk cn,34.801606,135.770948
7,8,34801606,135770948,8,326.25,0,0,0,2,0,0,2,t-0.84 Leftk cn,34.801606,135.770948
7,8.1,34801606,135770948,8,326.25,0,0,0,2,0,0,2,t-0.87 Leftk cn,34.801606,135.770948
7,8.3,34801606,135770948,8,326.25,0,0,0,2,0,0,2,t-0.88 Leftk cn,34.801606,135.770948
7,8.4,34801606,135770948,8,326.25,0,0,0,2,0,0,2,t-0.88 Leftk cn,34.801606,135.770948
7,8.5,34801606,135770948,8,326.25,0,0,0,2,0,0,2,t-0.86 Leftk cn,34.801606,135.770948
7,8.6,34801606,135770948,8,326.25,0,0,0,2,0,0,2,t-0.86 Leftk cn,34.801606,135.770948
7,8.7,34801606,135770948,9,326.25,0,0,0,2,0,0,2,t-0.86 Leftk cn,34.801606,135.770948
7,8.8,34801606,135770948,9,326.25,0,0,0,2,0,0,2,t-0.86 Leftk cn,34.801606,135.770948
7,8.9,34801606,135770948,9,326.25,0,0,0,2,0,0,2,t-0.86 Leftk cn,34.801606,135.770948
7,8.1,34801605,135770948,8,326.25,0,0,0,2,0,0,2,t-0.86 Leftk cn,34.801605,135.770948
7,8.11,34801605,135770947,8,326.25,0,0,0,2,0,0,2,t-0.86 Leftk cn,34.801605,135.770947
7,8.12,34801605,135770947,8,315,0,0,0,2,0,0,2,t-0.78 Leftk cn,34.801605,135.770947
7,8.13,34801605,135770947,8,315,0,0,0,2,0,0,2,t-0.75 Leftk cn,34.801605,135.770947
7,8.14,34801605,135770947,8,315,0,0,0,2,0,0,2,t-0.75 Leftk cn,34.801605,135.770947
7,8.15,34801605,135770947,8,315,0,0,0,2,0,0,2,t-0.75 Leftk cn,34.801605,135.770947
7,8.16,34801605,135770946,9,315,0,0,0,2,0,0,2,t-0.76 Leftk cn,34.801605,135.770946
7,8.17,34801605,135770946,9,315,0,0,0,2,0,0,2,t-0.74 Leftk cn,34.801605,135.770946
7,8.18,34801605,135770946,8,315,0,0,0,2,0,0,2,t-0.74 Leftk cn,34.801605,135.770946
7,8.19,34801605,135770946,9,315,0,0,0,2,0,0,2,t-0.74 Leftk cn,34.801605,135.770946
7,8.2,34801605,135770946,9,315,0,0,0,2,0,0,2,t-0.74 Leftk cn,34.801605,135.770946
7,8.21,34801605,135770946,9,315,0,0,0,2,0,0,2,t-0.74 Leftk cn,34.801605,135.770946
7,8.22,34801605,135770946,9,315,0,0,0,2,0,0,2,t-0.74 Leftk cn,34.801605,135.770946
7,8.23,34801606,135770946,9,326.25,0,0,0,2,0,0,2,t-0.69 Leftk cn,34.801606,135.770946
7,8.24,34801606,135770945,9,326.25,0,0,0,2,0,0,2,t-0.73 Leftk cn,34.801606,135.770945
7,8.25,34801606,135770945,9,326.25,0,0,0,2,0,0,2,t-0.74 Leftk cn,34.801606,135.770945
7,8.26,34801606,135770945,9,326.25,0,0,0,2,0,0,2,t-0.75 Leftk cn,34.801606,135.770945
7,8.27,34801606,135770945,9,315,0,0,0,2,0,0,2,t-0.75 Leftk cn,34.801606,135.770945
7,8.29,34801606,135770945,9,315,0,0,0,2,0,0,2,t-0.75 Leftk cn,34.801606,135.770945
7,8.3,34801606,135770945,9,315,0,0,0,2,0,0,2,t-0.75 Leftk cn,34.801606,135.770945
7,8.31,34801606,135770945,9,315,0,0,0,2,0,0,2,t-0.67 Leftk cn,34.801606,135.770945
7,8.32,34801606,135770945,9,326.25,0,0,0,2,0,0,2,t-0.70 Leftk cn,34.801606,135.770945
7,8.33,34801606,135770945,9,326.25,0,0,0,2,0,0,2,t-0.73 Leftk cn,34.801606,135.770945
7,8.34,34801606,135770945,9,315,0,0,0,2,0,0,2,t-0.73 Leftk cn,34.801606,135.770945
7,8.35,34801606,135770945,9,315,0,0,0,2,0,0,2,t-0.73 Leftk cn,34.801606,135.770945
7,8.36,34801606,135770946,9,315,0,0,0,2,0,0,2,t-0.69 Leftk cn,34.801606,135.770946
7,8.37,34801607,135770946,9,315,0,0,0,2,0,0,2,t-0.72 Leftk cn,34.801607,135.770946
7,8.38,34801608,135770948,8,315,0,0,0,2,0,0,2,t-0.70 Leftk cn,34.801608,135.770948
7,8.39,34801607,135770941,9,315,0,0,0,2,0,0,2,t-0.72 Leftk cn,34.801607,135.770941
7,8.4,34801605,135770930,10,315,0,0,0,2,0,0,2,t-0.75 Leftk cn,34.801605,135.77093
7,8.41,34801601,135770924,11,315,0,0,0,2,0,0,2,t-0.78 Leftk cn,34.801601,135.770924
7,8.42,34801596,135770922,11,315,0,0,0,2,0,0,2,t-0.83 Leftk cn,34.801596,135.770922
7,8.43,34801600,135770926,11,315,0,0,0,2,0,0,2,t-0.77 Leftk cn,34.8016,135.770926
7,8.44,34801602,135770928,10,315,0,0,0,2,0,0,2,t-0.75 Leftk cn,34.801602,135.770928
7,8.45,34801603,135770931,10,315,0,0,0,2,0,0,2,t-0.76 Leftk cn,34.801603,135.770931
7,8.46,34801601,135770933,10,315,0,0,0,2,0,0,2,t-0.78 Leftk cn,34.801601,135.770933
7,8.47,34801603,135770934,10,315,0,0,0,2,0,0,2,t-0.74 Leftk cn,34.801603,135.770934
7,8.48,34801604,135770935,9,326.25,0,0,0,2,0,0,2,t-0.82 Leftk cn,34.801604,135.770935
7,8.49,34801605,135770936,9,326.25,0,0,0,2,0,0,2,t-0.76 Leftk cn,34.801605,135.770936
7,8.5,34801605,135770937,9,326.25,0,0,0,2,0,0,2,t-0.75 Leftk cn,34.801605,135.770937
7,8.51,34801605,135770938,9,326.25,0,0,0,2,0,0,2,t-0.74 Leftk cn,34.801605,135.770938
7,8.52,34801605,135770939,9,326.25,0,0,0,2,0,0,2,t-0.74 Leftk cn,34.801605,135.770939
7,8.53,34801605,135770939,9,315,0,0,0,2,0,0,2,t-0.74 Leftk cn,34.801605,135.770939
7,8.55,34801607,135770942,9,315,0,0,0,2,0,0,2,t-0.66 Leftk cn,34.801607,135.770942
7,8.56,34801607,135770942,9,315,0,0,0,2,0,0,2,t-0.66 Leftk cn,34.801607,135.770942
7,8.57,34801608,135770945,9,326.25,0,0,0,2,0,0,2,t-0.67 Leftk cn,34.801608,135.770945
7,8.58,34801608,135770945,9,315,0,0,0,2,0,0,2,t-0.67 Leftk cn,34.801608,135.770945
7,8.59,34801608,135770945,9,315,0,0,0,2,0,0,2,t-0.67 Leftk cn,34.801608,135.770945
7,9,34801608,135770945,9,315,0,0,0,2,0,0,2,t-0.67 Leftk cn,34.801608,135.770945
7,9.1,34801608,135770945,9,315,0,0,0,2,0,0,2,t-0.67 Leftk cn,34.801608,135.770945
7,9.2,34801608,135770949,8,315,0,0,0,2,0,0,2,t-0.67 Leftk cn,34.801608,135.770949
7,9.3,34801608,135770950,8,315,0,0,0,2,0,0,2,t-0.70 Leftk cn,34.801608,135.77095
7,9.4,34801608,135770950,8,315,0,0,0,2,0,0,2,t-0.71 Leftk cn,34.801608,135.77095
7,9.5,34801609,135770951,8,315,0,0,0,2,0,0,2,t-0.68 Leftk cn,34.801609,135.770951
7,9.6,34801609,135770951,8,315,0,0,0,2,0,0,2,t-0.70 Leftk cn,34.801609,135.770951
7,9.7,34801610,135770952,8,315,0,0,0,2,0,0,2,t-0.71 Leftk cn,34.80161,135.770952
7,9.8,34801610,135770952,8,315,0,0,0,2,0,0,2,t-0.70 Leftk cn,34.80161,135.770952
7,9.9,34801610,135770952,8,315,0,0,0,2,0,0,2,t-0.69 Leftk cn,34.80161,135.770952
7,9.1,34801610,135770952,8,315,0,0,0,2,0,0,2,t-0.66 Leftk cn,34.80161,135.770952
7,9.11,34801610,135770952,8,315,0,0,0,2,0,0,2,t-0.68 Leftk cn,34.80161,135.770952
7,9.12,34801610,135770953,8,315,0,0,0,2,0,0,2,t-0.66 Leftk cn,34.80161,135.770953
7,9.13,34801609,135770953,8,315,0,0,0,2,0,0,2,t-0.66 Leftk cn,34.801609,135.770953
7,9.14,34801609,135770953,8,315,0,0,0,2,0,0,2,t-0.67 Leftk cn,34.801609,135.770953
7,9.15,34801609,135770953,8,326.25,0,0,0,2,0,0,2,t-0.77 Leftk cn,34.801609,135.770953
7,9.16,34801609,135770953,8,326.25,0,0,0,2,0,0,2,t-0.71 Leftk cn,34.801609,135.770953
7,9.17,34801609,135770953,8,326.25,0,0,0,2,0,0,2,t-0.70 Leftk cn,34.801609,135.770953
7,9.18,34801609,135770953,8,326.25,0,0,0,2,0,0,2,t-0.70 Leftk cn,34.801609,135.770953
7,9.19,34801609,135770953,8,326.25,0,0,0,2,0,0,2,t-0.71 Leftk cn,34.801609,135.770953
7,9.21,34801609,135770953,8,326.25,0,0,0,2,0,0,2,t-0.71 Leftk cn,34.801609,135.770953
7,9.22,34801610,135770954,8,326.25,0,0,0,2,0,0,2,t-0.69 Leftk cn,34.80161,135.770954
7,9.23,34801610,135770954,8,326.25,0,0,0,2,0,0,2,t-0.68 Leftk cn,34.80161,135.770954
7,9.24,34801610,135770954,8,315,0,0,0,2,0,0,2,t-0.68 Leftk cn,34.80161,135.770954
7,9.25,34801610,135770954,8,315,0,0,0,2,0,0,2,t-0.68 Leftk cn,34.80161,135.770954
7,9.26,34801610,135770954,8,315,0,0,0,2,0,0,2,t-0.68 Leftk cn,34.80161,135.770954
7,9.27,34801610,135770954,8,315,0,0,0,2,0,0,2,t-0.68 Leftk cn,34.80161,135.770954
7,9.28,34801610,135770954,8,315,0,0,0,2,0,0,2,t-0.68 Leftk cn,34.80161,135.770954
7,9.29,34801610,135770954,8,315,0,0,0,2,0,0,2,t-0.61 Leftk cn,34.80161,135.770954
7,9.3,34801610,135770954,8,315,0,0,0,2,0,0,2,t-0.64 Leftk cn,34.80161,135.770954
7,9.31,34801611,135770954,8,315,0,0,0,2,0,0,2,t-0.63 Leftk cn,34.801611,135.770954
7,9.32,34801611,135770954,8,315,0,0,0,2,0,0,2,t-0.64 Leftk cn,34.801611,135.770954
7,9.33,34801611,135770954,8,315,0,0,0,2,0,0,2,t-0.64 Leftk cn,34.801611,135.770954
7,9.34,34801611,135770954,8,315,0,0,0,2,0,0,2,t-0.64 Leftk cn,34.801611,135.770954
7,9.35,34801611,135770955,8,315,0,0,0,2,0,0,2,t-0.67 Leftk cn,34.801611,135.770955
7,9.36,34801611,135770955,8,315,0,0,0,2,0,0,2,t-0.67 Leftk cn,34.801611,135.770955
7,9.37,34801611,135770955,8,315,0,0,0,2,0,0,2,t-0.64 Leftk cn,34.801611,135.770955
7,9.38,34801611,135770955,8,315,0,0,0,2,0,0,2,t-0.67 Leftk cn,34.801611,135.770955
7,9.39,34801611,135770955,8,315,0,0,0,2,0,0,2,t-0.67 Leftk cn,34.801611,135.770955
7,9.4,34801612,135770955,8,315,0,0,0,2,0,0,2,t-0.59 Leftk cn,34.801612,135.770955
7,9.41,34801612,135770955,8,326.25,0,0,0,2,0,0,2,t-0.64 Leftk cn,34.801612,135.770955
7,9.42,34801612,135770955,8,326.25,0,0,0,2,0,0,2,t-0.65 Leftk cn,34.801612,135.770955
7,9.43,34801612,135770956,8,326.25,0,0,0,2,0,0,2,t-0.65 Leftk cn,34.801612,135.770956
7,9.44,34801612,135770956,8,326.25,0,0,0,2,0,0,2,t-0.65 Leftk cn,34.801612,135.770956
7,9.45,34801612,135770956,8,326.25,0,0,0,2,0,0,2,t-0.65 Leftk cn,34.801612,135.770956
7,9.47,34801612,135770956,8,326.25,0,0,0,2,0,0,2,t-0.66 Leftk cn,34.801612,135.770956
7,9.48,34801612,135770956,8,315,0,0,0,2,0,0,2,t-0.64 Leftk cn,34.801612,135.770956
7,9.49,34801612,135770956,8,326.25,0,0,0,2,0,0,2,t-0.64 Leftk cn,34.801612,135.770956
7,9.5,34801611,135770956,8,315,0,0,0,2,0,0,2,t-0.63 Leftk cn,34.801611,135.770956
7,9.51,34801611,135770956,8,315,0,0,0,2,0,0,2,t-0.63 Leftk cn,34.801611,135.770956
7,9.52,34801611,135770956,8,315,0,0,0,2,0,0,2,t-0.63 Leftk cn,34.801611,135.770956
7,9.53,34801611,135770956,8,315,0,0,0,2,0,0,2,t-0.63 Leftk cn,34.801611,135.770956
7,9.54,34801611,135770956,8,315,0,0,0,2,0,0,2,t-0.67 Leftk cn,34.801611,135.770956
7,9.55,34801611,135770956,8,315,0,0,0,2,0,0,2,t-0.68 Leftk cn,34.801611,135.770956
7,9.56,34801611,135770956,8,315,0,0,0,2,0,0,2,t-0.66 Leftk cn,34.801611,135.770956
7,9.57,34801611,135770956,8,315,0,0,0,2,0,0,2,t-0.64 Leftk cn,34.801611,135.770956
7,9.58,34801611,135770956,8,315,0,0,0,2,0,0,2,t-0.68 Leftk cn,34.801611,135.770956
7,9.59,34801611,135770956,8,315,0,0,0,2,0,0,2,t-0.70 Leftk cn,34.801611,135.770956
7,10,34801611,135770956,8,315,0,0,0,2,0,0,2,t-0.66 Leftk cn,34.801611,135.770956
7,10.1,34801611,135770955,8,315,0,0,0,2,0,0,2,t-0.69 Leftk cn,34.801611,135.770955
7,10.2,34801610,135770955,8,315,0,0,0,2,0,0,2,t-0.70 Leftk cn,34.80161,135.770955
7,10.3,34801611,135770955,8,315,0,0,0,2,0,0,2,t-0.66 Leftk cn,34.801611,135.770955
7,10.4,34801611,135770955,8,315,0,0,0,2,0,0,2,t-0.65 Leftk cn,34.801611,135.770955
7,10.5,34801610,135770955,8,315,0,0,0,2,0,0,2,t-0.66 Leftk cn,34.80161,135.770955
7,10.6,34801611,135770955,8,326.25,0,0,0,2,0,0,2,t-0.75 Leftk cn,34.801611,135.770955
7,10.7,34801610,135770955,8,326.25,0,0,0,2,0,0,2,t-0.69 Leftk cn,34.80161,135.770955
7,10.8,34801610,135770955,8,326.25,0,0,0,2,0,0,2,t-0.67 Leftk cn,34.80161,135.770955
7,10.9,34801610,135770955,8,326.25,0,0,0,2,0,0,2,t-0.66 Leftk cn,34.80161,135.770955
7,10.1,34801610,135770955,8,326.25,0,0,0,2,0,0,2,t-0.70 Leftk cn,34.80161,135.770955
7,10.11,34801610,135770956,8,326.25,0,0,0,2,0,0,2,t-0.68 Leftk cn,34.80161,135.770956
7,10.13,34801610,135770955,8,326.25,0,0,0,2,0,0,2,t-0.70 Leftk cn,34.80161,135.770955
7,10.14,34801610,135770956,8,326.25,0,0,0,2,0,0,2,t-0.70 Leftk cn,34.80161,135.770956
7,10.15,34801610,135770956,8,326.25,0,0,0,2,0,0,2,t-0.70 Leftk cn,34.80161,135.770956
7,10.16,34801610,135770956,8,315,0,0,0,2,0,0,2,t-0.70 Leftk cn,34.80161,135.770956
7,10.17,34801610,135770956,8,315,0,0,0,2,0,0,2,t-0.70 Leftk cn,34.80161,135.770956
7,10.18,34801610,135770956,8,315,0,0,0,2,0,0,2,t-0.70 Leftk cn,34.80161,135.770956
7,10.19,34801610,135770956,8,315,0,0,0,2,0,0,2,t-0.70 Leftk cn,34.80161,135.770956
7,10.2,34801610,135770956,8,315,0,0,0,2,0,0,2,t-0.70 Leftk cn,34.80161,135.770956
7,10.21,34801610,135770956,8,315,0,0,0,2,0,0,2,t-0.65 Leftk cn,34.80161,135.770956
7,10.22,34801610,135770956,8,315,0,0,0,2,0,0,2,t-0.66 Leftk cn,34.80161,135.770956
7,10.23,34801610,135770956,8,315,0,0,0,2,0,0,2,t-0.67 Leftk cn,34.80161,135.770956
7,10.24,34801610,135770956,8,315,0,0,0,2,0,0,2,t-0.66 Leftk cn,34.80161,135.770956
7,10.25,34801610,135770956,8,315,0,0,0,2,0,0,2,t-0.66 Leftk cn,34.80161,135.770956
7,10.26,34801610,135770956,8,315,0,0,0,2,0,0,2,t-0.68 Leftk cn,34.80161,135.770956
7,10.27,34801610,135770956,8,315,0,0,0,2,0,0,2,t-0.69 Leftk cn,34.80161,135.770956
7,10.28,34801610,135770956,8,315,0,0,0,2,0,0,2,t-0.67 Leftk cn,34.80161,135.770956
7,10.29,34801609,135770956,8,315,0,0,0,2,0,0,2,t-0.66 Leftk cn,34.801609,135.770956
7,10.3,34801609,135770956,8,315,0,0,0,2,0,0,2,t-0.69 Leftk cn,34.801609,135.770956
7,10.31,34801609,135770956,8,315,0,0,0,2,0,0,2,t-0.70 Leftk cn,34.801609,135.770956
7,10.32,34801609,135770956,8,315,0,0,0,2,0,0,2,t-0.67 Leftk cn,34.801609,135.770956
7,10.33,34801609,135770956,8,326.25,0,0,0,2,0,0,2,t-0.77 Leftk cn,34.801609,135.770956
7,10.34,34801609,135770956,8,326.25,0,0,0,2,0,0,2,t-0.71 Leftk cn,34.801609,135.770956
7,10.35,34801609,135770956,8,326.25,0,0,0,2,0,0,2,t-0.71 Leftk cn,34.801609,135.770956
7,10.36,34801609,135770956,8,326.25,0,0,0,2,0,0,2,t-0.70 Leftk cn,34.801609,135.770956
7,10.37,34801609,135770956,8,326.25,0,0,0,2,0,0,2,t-0.70 Leftk cn,34.801609,135.770956
7,10.39,34801608,135770956,8,326.25,0,0,0,2,0,0,2,t-0.70 Leftk cn,34.801608,135.770956
7,10.4,34801608,135770956,8,326.25,0,0,0,2,0,0,2,t-0.72 Leftk cn,34.801608,135.770956
7,10.41,34801608,135770956,8,326.25,0,0,0,2,0,0,2,t-0.72 Leftk cn,34.801608,135.770956
7,10.42,34801608,135770956,8,315,0,0,0,2,0,0,2,t-0.72 Leftk cn,34.801608,135.770956
7,10.43,34801608,135770956,8,315,0,0,0,2,0,0,2,t-0.72 Leftk cn,34.801608,135.770956
7,10.44,34801608,135770956,8,315,0,0,0,2,0,0,2,t-0.72 Leftk cn,34.801608,135.770956
7,10.45,34801608,135770956,8,315,0,0,0,2,0,0,2,t-0.72 Leftk cn,34.801608,135.770956
7,10.46,34801608,135770956,8,315,0,0,0,2,0,0,2,t-0.63 Leftk cn,34.801608,135.770956
7,10.47,34801608,135770956,8,315,0,0,0,2,0,0,2,t-0.69 Leftk cn,34.801608,135.770956
7,10.48,34801608,135770956,8,315,0,0,0,2,0,0,2,t-0.72 Leftk cn,34.801608,135.770956
7,10.49,34801608,135770956,8,315,0,0,0,2,0,0,2,t-0.72 Leftk cn,34.801608,135.770956
7,10.5,34801608,135770956,8,315,0,0,0,2,0,0,2,t-0.71 Leftk cn,34.801608,135.770956
7,10.51,34801608,135770956,8,315,0,0,0,2,0,0,2,t-0.69 Leftk cn,34.801608,135.770956
7,10.52,34801608,135770956,8,315,0,0,0,2,0,0,2,t-0.70 Leftk cn,34.801608,135.770956
7,10.53,34801608,135770956,8,315,0,0,0,2,0,0,2,t-0.71 Leftk cn,34.801608,135.770956
7,10.54,34801608,135770956,8,315,0,0,0,2,0,0,2,t-0.71 Leftk cn,34.801608,135.770956
7,10.55,34801608,135770956,8,315,0,0,0,2,0,0,2,t-0.70 Leftk cn,34.801608,135.770956
7,10.56,34801608,135770956,8,315,0,0,0,2,0,0,2,t-0.70 Leftk cn,34.801608,135.770956
7,10.57,34801608,135770956,8,315,0,0,0,2,0,0,2,t-0.66 Leftk cn,34.801608,135.770956
7,10.58,34801608,135770956,8,326.25,0,0,0,2,0,0,2,t-0.75 Leftk cn,34.801608,135.770956
7,10.59,34801608,135770956,8,326.25,0,0,0,2,0,0,2,t-0.70 Leftk cn,34.801608,135.770956
7,11,34801608,135770956,8,326.25,0,0,0,2,0,0,2,t-0.69 Leftk cn,34.801608,135.770956
7,11.1,34801608,135770956,8,315,0,0,0,2,0,0,2,t-0.69 Leftk cn,34.801608,135.770956
7,11.2,34801608,135770956,8,315,0,0,0,2,0,0,2,t-0.69 Leftk cn,34.801608,135.770956
7,11.3,34801608,135770956,8,315,0,0,0,2,0,0,2,t-0.69 Leftk cn,34.801608,135.770956
7,11.5,34801608,135770956,8,315,0,0,0,2,0,0,2,t-0.69 Leftk cn,34.801608,135.770956
7,11.6,34801608,135770956,8,326.25,0,0,0,2,0,0,2,t-0.69 Leftk cn,34.801608,135.770956
7,11.7,34801608,135770956,8,326.25,0,0,0,2,0,0,2,t-0.69 Leftk cn,34.801608,135.770956
7,11.8,34801609,135770957,8,326.25,0,0,0,2,0,0,2,t-0.70 Leftk cn,34.801609,135.770957
7,11.9,34801609,135770957,8,315,0,0,0,2,0,0,2,t-0.70 Leftk cn,34.801609,135.770957
7,11.1,34801609,135770957,8,315,0,0,0,2,0,0,2,t-0.70 Leftk cn,34.801609,135.770957
7,11.11,34801609,135770957,8,315,0,0,0,2,0,0,2,t-0.70 Leftk cn,34.801609,135.770957
7,11.12,34801609,135770957,8,315,0,0,0,2,0,0,2,t-0.70 Leftk cn,34.801609,135.770957
7,11.13,34801608,135770956,8,315,0,0,0,2,0,0,2,t-0.66 Leftk cn,34.801608,135.770956
7,11.14,34801608,135770957,8,315,0,0,0,2,0,0,2,t-0.72 Leftk cn,34.801608,135.770957
7,11.15,34801608,135770956,8,315,0,0,0,2,0,0,2,t-0.73 Leftk cn,34.801608,135.770956
7,11.16,34801608,135770956,8,315,0,0,0,2,0,0,2,t-0.73 Leftk cn,34.801608,135.770956
7,11.17,34801609,135770955,8,315,0,0,0,2,0,0,2,t-0.68 Leftk cn,34.801609,135.770955
7,11.18,34801609,135770955,8,315,0,0,0,2,0,0,2,t-0.68 Leftk cn,34.801609,135.770955
7,11.19,34801609,135770955,8,315,0,0,0,2,0,0,2,t-0.68 Leftk cn,34.801609,135.770955
7,11.2,34801609,135770955,8,315,0,0,0,2,0,0,2,t-0.68 Leftk cn,34.801609,135.770955
7,11.21,34801609,135770955,8,315,0,0,0,2,0,0,2,t-0.71 Leftk cn,34.801609,135.770955
7,11.22,34801609,135770955,8,315,0,0,0,2,0,0,2,t-0.71 Leftk cn,34.801609,135.770955
7,11.23,34801609,135770955,8,315,0,0,0,2,0,0,2,t-0.69 Leftk cn,34.801609,135.770955
7,11.24,34801609,135770955,8,315,0,0,0,2,0,0,2,t-0.72 Leftk cn,34.801609,135.770955
7,11.25,34801609,135770955,8,315,0,0,0,2,0,0,2,t-0.72 Leftk cn,34.801609,135.770955
7,11.26,34801610,135770955,8,326.25,0,0,0,2,0,0,2,t-0.77 Leftk cn,34.80161,135.770955
7,11.27,34801609,135770955,8,326.25,0,0,0,2,0,0,2,t-0.69 Leftk cn,34.801609,135.770955
7,11.28,34801609,135770955,8,315,0,0,0,2,0,0,2,t-0.69 Leftk cn,34.801609,135.770955
7,11.29,34801609,135770955,8,326.25,0,0,0,2,0,0,2,t-0.68 Leftk cn,34.801609,135.770955
7,11.31,34801609,135770955,8,326.25,0,0,0,2,0,0,2,t-0.71 Leftk cn,34.801609,135.770955
7,11.32,34801609,135770955,8,326.25,0,0,0,2,0,0,2,t-0.71 Leftk cn,34.801609,135.770955
7,11.33,34801609,135770955,8,326.25,0,0,0,2,0,0,2,t-0.71 Leftk cn,34.801609,135.770955
7,11.34,34801609,135770955,8,315,0,0,0,2,0,0,2,t-0.71 Leftk cn,34.801609,135.770955
7,11.35,34801609,135770955,8,315,0,0,0,2,0,0,2,t-0.71 Leftk cn,34.801609,135.770955
7,11.36,34801609,135770955,8,315,0,0,0,2,0,0,2,t-0.71 Leftk cn,34.801609,135.770955
7,11.37,34801609,135770955,8,315,0,0,0,2,0,0,2,t-0.71 Leftk cn,34.801609,135.770955
7,11.38,34801609,135770955,8,315,0,0,0,2,0,0,2,t-0.71 Leftk cn,34.801609,135.770955
7,11.39,34801609,135770956,8,315,0,0,0,2,0,0,2,t-0.66 Leftk cn,34.801609,135.770956
7,11.4,34801609,135770956,8,315,0,0,0,2,0,0,2,t-0.72 Leftk cn,34.801609,135.770956
7,11.41,34801610,135770956,8,315,0,0,0,2,0,0,2,t-0.70 Leftk cn,34.80161,135.770956
7,11.42,34801610,135770957,8,315,0,0,0,2,0,0,2,t-0.70 Leftk cn,34.80161,135.770957
7,11.43,34801610,135770957,8,315,0,0,0,2,0,0,2,t-0.67 Leftk cn,34.80161,135.770957
7,11.44,34801610,135770957,8,315,0,0,0,2,0,0,2,t-0.68 Leftk cn,34.80161,135.770957
7,11.45,34801610,135770957,8,315,0,0,0,2,0,0,2,t-0.66 Leftk cn,34.80161,135.770957
7,11.46,34801610,135770957,8,315,0,0,0,2,0,0,2,t-0.66 Leftk cn,34.80161,135.770957
7,11.47,34801610,135770957,8,315,0,0,0,2,0,0,2,t-0.66 Leftk cn,34.80161,135.770957
7,11.48,34801610,135770957,8,315,0,0,0,2,0,0,2,t-0.66 Leftk cn,34.80161,135.770957
7,11.49,34801610,135770957,8,315,0,0,0,2,0,0,2,t-0.66 Leftk cn,34.80161,135.770957
7,11.5,34801611,135770958,8,315,0,0,0,2,0,0,2,t-0.64 Leftk cn,34.801611,135.770958
7,11.51,34801611,135770958,8,315,0,0,0,2,0,0,2,t-0.62 Leftk cn,34.801611,135.770958
7,11.52,34801611,135770958,8,326.25,0,0,0,2,0,0,2,t-0.72 Leftk cn,34.801611,135.770958
7,11.53,34801611,135770958,8,326.25,0,0,0,2,0,0,2,t-0.67 Leftk cn,34.801611,135.770958
7,11.54,34801611,135770958,8,326.25,0,0,0,2,0,0,2,t-0.67 Leftk cn,34.801611,135.770958
7,11.55,34801611,135770958,8,315,0,0,0,2,0,0,2,t-0.67 Leftk cn,34.801611,135.770958
7,11.57,34801611,135770959,8,315,0,0,0,2,0,0,2,t-0.63 Leftk cn,34.801611,135.770959
7,11.58,34801611,135770959,8,315,0,0,0,2,0,0,2,t-0.63 Leftk cn,34.801611,135.770959
7,11.59,34801611,135770959,7,315,0,0,0,2,0,0,2,t-0.63 Leftk cn,34.801611,135.770959
7,12,34801611,135770959,7,315,0,0,0,2,0,0,2,t-0.63 Leftk cn,34.801611,135.770959
7,12.1,34801611,135770959,7,315,0,0,0,2,0,0,2,t-0.63 Leftk cn,34.801611,135.770959
7,12.2,34801611,135770959,8,315,0,0,0,2,0,0,2,t-0.63 Leftk cn,34.801611,135.770959
7,12.3,34801611,135770959,8,315,0,0,0,2,0,0,2,t-0.63 Leftk cn,34.801611,135.770959
7,12.4,34801611,135770959,8,315,0,0,0,2,0,0,2,t-0.63 Leftk cn,34.801611,135.770959
7,12.5,34801612,135770959,8,315,0,0,0,2,0,0,2,t-0.62 Leftk cn,34.801612,135.770959
7,12.6,34801612,135770960,8,315,0,0,0,2,0,0,2,t-0.66 Leftk cn,34.801612,135.77096
7,12.7,34801612,135770960,7,315,0,0,0,2,0,0,2,t-0.66 Leftk cn,34.801612,135.77096
7,12.8,34801612,135770960,7,315,0,0,0,2,0,0,2,t-0.66 Leftk cn,34.801612,135.77096
7,12.9,34801612,135770960,8,315,0,0,0,2,0,0,2,t-0.62 Leftk cn,34.801612,135.77096
7,12.1,34801612,135770960,7,315,0,0,0,2,0,0,2,t-0.62 Leftk cn,34.801612,135.77096
7,12.11,34801612,135770960,7,315,0,0,0,2,0,0,2,t-0.62 Leftk cn,34.801612,135.77096
7,12.12,34801611,135770959,8,315,0,0,0,2,0,0,2,t-0.66 Leftk cn,34.801611,135.770959
7,12.13,34801611,135770959,8,315,0,0,0,2,0,0,2,t-0.70 Leftk cn,34.801611,135.770959
7,12.14,34801610,135770959,8,315,0,0,0,2,0,0,2,t-0.72 Leftk cn,34.80161,135.770959
7,12.15,34801610,135770959,8,315,0,0,0,2,0,0,2,t-0.72 Leftk cn,34.80161,135.770959
7,12.16,34801610,135770959,7,315,0,0,0,2,0,0,2,t-0.72 Leftk cn,34.80161,135.770959
7,12.17,34801610,135770959,7,315,0,0,0,2,0,0,2,t-0.72 Leftk cn,34.80161,135.770959
7,12.18,34801611,135770959,8,326.25,0,0,0,2,0,0,2,t-0.67 Leftk cn,34.801611,135.770959
7,12.19,34801611,135770960,8,326.25,0,0,0,2,0,0,2,t-0.69 Leftk cn,34.801611,135.77096
7,12.2,34801612,135770960,8,326.25,0,0,0,2,0,0,2,t-0.69 Leftk cn,34.801612,135.77096
7,12.21,34801612,135770960,8,326.25,0,0,0,2,0,0,2,t-0.69 Leftk cn,34.801612,135.77096
7,12.23,34801612,135770960,7,315,0,0,0,2,0,0,2,t-0.69 Leftk cn,34.801612,135.77096
7,12.24,34801612,135770960,8,326.25,0,0,0,2,0,0,2,t-0.63 Leftk cn,34.801612,135.77096
7,12.25,34801613,135770961,8,326.25,0,0,0,2,0,0,2,t-0.66 Leftk cn,34.801613,135.770961
7,12.26,34801613,135770961,7,315,0,0,0,2,0,0,2,t-0.66 Leftk cn,34.801613,135.770961
7,12.27,34801613,135770961,7,315,0,0,0,2,0,0,2,t-0.66 Leftk cn,34.801613,135.770961
7,12.28,34801613,135770961,7,315,0,0,0,2,0,0,2,t-0.66 Leftk cn,34.801613,135.770961
7,12.29,34801613,135770961,7,315,0,0,0,2,0,0,2,t-0.66 Leftk cn,34.801613,135.770961
7,12.3,34801614,135770962,8,315,0,0,0,2,0,0,2,t-0.62 Leftk cn,34.801614,135.770962
7,12.31,34801614,135770962,8,315,0,0,0,2,0,0,2,t-0.65 Leftk cn,34.801614,135.770962
7,12.32,34801614,135770962,8,315,0,0,0,2,0,0,2,t-0.65 Leftk cn,34.801614,135.770962
7,12.33,34801614,135770962,8,315,0,0,0,2,0,0,2,t-0.64 Leftk cn,34.801614,135.770962
7,12.34,34801614,135770962,7,315,0,0,0,2,0,0,2,t-0.64 Leftk cn,34.801614,135.770962
7,12.35,34801614,135770962,8,315,0,0,0,2,0,0,2,t-0.63 Leftk cn,34.801614,135.770962
7,12.36,34801614,135770962,7,315,0,0,0,2,0,0,2,t-0.63 Leftk cn,34.801614,135.770962
7,12.37,34801614,135770962,7,315,0,0,0,2,0,0,2,t-0.63 Leftk cn,34.801614,135.770962
7,12.38,34801614,135770962,8,315,0,0,0,2,0,0,2,t-0.59 Leftk cn,34.801614,135.770962
7,12.39,34801614,135770962,8,315,0,0,0,2,0,0,2,t-0.60 Leftk cn,34.801614,135.770962
7,12.4,34801613,135770961,8,315,0,0,0,2,0,0,2,t-0.64 Leftk cn,34.801613,135.770961
7,12.41,34801613,135770961,7,315,0,0,0,2,0,0,2,t-0.64 Leftk cn,34.801613,135.770961
7,12.42,34801613,135770961,8,326.25,0,0,0,2,0,0,2,t-0.63 Leftk cn,34.801613,135.770961
7,12.43,34801613,135770961,8,326.25,0,0,0,2,0,0,2,t-0.62 Leftk cn,34.801613,135.770961
7,12.44,34801613,135770962,7,326.25,0,0,0,2,0,0,2,t-0.62 Leftk cn,34.801613,135.770962
7,12.45,34801613,135770962,7,315,0,0,0,2,0,0,2,t-0.62 Leftk cn,34.801613,135.770962
7,12.46,34801613,135770962,7,315,0,0,0,2,0,0,2,t-0.62 Leftk cn,34.801613,135.770962
7,12.47,34801613,135770962,7,315,0,0,0,2,0,0,2,t-0.63 Leftk cn,34.801613,135.770962
7,12.49,34801613,135770962,7,326.25,0,0,0,2,0,0,2,t-0.64 Leftk cn,34.801613,135.770962
7,12.5,34801612,135770962,7,326.25,0,0,0,2,0,0,2,t-0.64 Leftk cn,34.801612,135.770962
7,12.51,34801612,135770962,7,326.25,0,0,0,2,0,0,2,t-0.64 Leftk cn,34.801612,135.770962
7,12.52,34801612,135770962,7,315,0,0,0,2,0,0,2,t-0.64 Leftk cn,34.801612,135.770962
7,12.53,34801612,135770962,7,315,0,0,0,2,0,0,2,t-0.64 Leftk cn,34.801612,135.770962
7,12.54,34801612,135770962,7,315,0,0,0,2,0,0,2,t-0.64 Leftk cn,34.801612,135.770962
7,12.55,34801612,135770962,7,315,0,0,0,2,0,0,2,t-0.64 Leftk cn,34.801612,135.770962
7,12.56,34801612,135770962,7,315,0,0,0,2,0,0,2,t-0.60 Leftk cn,34.801612,135.770962
7,12.57,34801612,135770963,7,315,0,0,0,2,0,0,2,t-0.65 Leftk cn,34.801612,135.770963
7,12.58,34801612,135770963,7,315,0,0,0,2,0,0,2,t-0.66 Leftk cn,34.801612,135.770963
7,12.59,34801612,135770963,7,315,0,0,0,2,0,0,2,t-0.65 Leftk cn,34.801612,135.770963
7,13,34801612,135770963,7,315,0,0,0,2,0,0,2,t-0.66 Leftk cn,34.801612,135.770963
7,13.1,34801612,135770963,7,315,0,0,0,2,0,0,2,t-0.67 Leftk cn,34.801612,135.770963
7,13.2,34801612,135770963,7,315,0,0,0,2,0,0,2,t-0.67 Leftk cn,34.801612,135.770963
7,13.3,34801612,135770964,7,315,0,0,0,2,0,0,2,t-0.61 Leftk cn,34.801612,135.770964
7,13.4,34801612,135770964,7,315,0,0,0,2,0,0,2,t-0.63 Leftk cn,34.801612,135.770964
7,13.5,34801612,135770964,7,315,0,0,0,2,0,0,2,t-0.63 Leftk cn,34.801612,135.770964
7,13.6,34801612,135770964,7,315,0,0,0,2,0,0,2,t-0.63 Leftk cn,34.801612,135.770964
7,13.7,34801612,135770964,7,315,0,0,0,2,0,0,2,t-0.63 Leftk cn,34.801612,135.770964
7,13.8,34801612,135770964,7,315,0,0,0,2,0,0,2,t-0.63 Leftk cn,34.801612,135.770964
7,13.9,34801612,135770964,7,315,0,0,0,2,0,0,2,t-0.63 Leftk cn,34.801612,135.770964
7,13.1,34801612,135770964,7,315,0,0,0,2,0,0,2,t-0.63 Leftk cn,34.801612,135.770964
7,13.11,34801612,135770964,7,315,0,0,0,2,0,0,2,t-0.63 Leftk cn,34.801612,135.770964
7,13.12,34801611,135770964,7,326.25,0,0,0,2,0,0,2,t-0.64 Leftk cn,34.801611,135.770964
7,13.13,34801611,135770964,7,315,0,0,0,2,0,0,2,t-0.64 Leftk cn,34.801611,135.770964
7,13.15,34801611,135770964,7,315,0,0,0,2,0,0,2,t-0.64 Leftk cn,34.801611,135.770964
7,13.16,34801611,135770964,7,315,0,0,0,2,0,0,2,t-0.64 Leftk cn,34.801611,135.770964
7,13.17,34801611,135770964,7,315,0,0,0,2,0,0,2,t-0.61 Leftk cn,34.801611,135.770964
7,13.18,34801611,135770964,7,315,0,0,0,2,0,0,2,t-0.61 Leftk cn,34.801611,135.770964
7,13.19,34801611,135770964,7,315,0,0,0,2,0,0,2,t-0.61 Leftk cn,34.801611,135.770964
7,13.2,34801611,135770964,7,315,0,0,0,2,0,0,2,t-0.61 Leftk cn,34.801611,135.770964
7,13.21,34801612,135770964,7,315,0,0,0,2,0,0,2,t-0.60 Leftk cn,34.801612,135.770964
7,13.22,34801612,135770964,7,315,0,0,0,2,0,0,2,t-0.64 Leftk cn,34.801612,135.770964
7,13.23,34801612,135770964,7,315,0,0,0,2,0,0,2,t-0.67 Leftk cn,34.801612,135.770964
7,13.24,34801612,135770964,7,315,0,0,0,2,0,0,2,t-0.66 Leftk cn,34.801612,135.770964
7,13.25,34801612,135770964,7,315,0,0,0,2,0,0,2,t-0.65 Leftk cn,34.801612,135.770964
7,13.26,34801612,135770964,7,315,0,0,0,2,0,0,2,t-0.65 Leftk cn,34.801612,135.770964
7,13.27,34801612,135770964,7,315,0,0,0,2,0,0,2,t-0.66 Leftk cn,34.801612,135.770964
7,13.28,34801612,135770965,7,315,0,0,0,2,0,0,2,t-0.66 Leftk cn,34.801612,135.770965
7,13.29,34801613,135770965,7,315,0,0,0,2,0,0,2,t-0.63 Leftk cn,34.801613,135.770965
7,13.3,34801613,135770965,7,315,0,0,0,2,0,0,2,t-0.65 Leftk cn,34.801613,135.770965
7,13.31,34801614,135770965,7,315,0,0,0,2,0,0,2,t-0.65 Leftk cn,34.801614,135.770965
7,13.32,34801614,135770965,7,315,0,0,0,2,0,0,2,t-0.63 Leftk cn,34.801614,135.770965
7,13.33,34801614,135770965,7,326.25,0,0,0,2,0,0,2,t-0.69 Leftk cn,34.801614,135.770965
7,13.34,34801614,135770965,7,326.25,0,0,0,2,0,0,2,t-0.62 Leftk cn,34.801614,135.770965
7,13.35,34801614,135770965,7,315,0,0,0,2,0,0,2,t-0.62 Leftk cn,34.801614,135.770965
7,13.36,34801614,135770965,7,315,0,0,0,2,0,0,2,t-0.62 Leftk cn,34.801614,135.770965
7,13.37,34801614,135770965,7,315,0,0,0,2,0,0,2,t-0.62 Leftk cn,34.801614,135.770965
7,13.38,34801614,135770965,7,315,0,0,0,2,0,0,2,t-0.62 Leftk cn,34.801614,135.770965
7,13.39,34801614,135770965,7,315,0,0,0,2,0,0,2,t-0.62 Leftk cn,34.801614,135.770965
7,13.41,34801614,135770965,7,315,0,0,0,2,0,0,2,t-0.55 Leftk cn,34.801614,135.770965
7,13.42,34801615,135770964,7,315,0,0,0,2,0,0,2,t-0.55 Leftk cn,34.801615,135.770964
7,13.43,34801615,135770965,7,315,0,0,0,2,0,0,2,t-0.55 Leftk cn,34.801615,135.770965
7,13.44,34801615,135770964,7,315,0,0,0,2,0,0,2,t-0.59 Leftk cn,34.801615,135.770964
7,13.45,34801615,135770964,7,315,0,0,0,2,0,0,2,t-0.59 Leftk cn,34.801615,135.770964
7,13.46,34801615,135770964,7,315,0,0,0,2,0,0,2,t-0.59 Leftk cn,34.801615,135.770964
7,13.47,34801615,135770964,7,315,0,0,0,2,0,0,2,t-0.59 Leftk cn,34.801615,135.770964
7,13.48,34801615,135770964,7,315,0,0,0,2,0,0,2,t-0.59 Leftk cn,34.801615,135.770964
7,13.49,34801615,135770964,7,315,0,0,0,2,0,0,2,t-0.59 Leftk cn,34.801615,135.770964
7,13.5,34801615,135770963,7,315,0,0,0,2,0,0,2,t-0.52 Leftk cn,34.801615,135.770963
7,13.51,34801615,135770963,7,315,0,0,0,2,0,0,2,t-0.57 Leftk cn,34.801615,135.770963
7,13.52,34801615,135770963,7,315,0,0,0,2,0,0,2,t-0.60 Leftk cn,34.801615,135.770963
7,13.53,34801615,135770963,7,315,0,0,0,2,0,0,2,t-0.60 Leftk cn,34.801615,135.770963
7,13.54,34801615,135770963,7,315,0,0,0,2,0,0,2,t-0.61 Leftk cn,34.801615,135.770963
7,13.55,34801614,135770963,7,315,0,0,0,2,0,0,2,t-0.60 Leftk cn,34.801614,135.770963
7,13.56,34801614,135770962,8,315,0,0,0,2,0,0,2,t-0.59 Leftk cn,34.801614,135.770962
7,13.57,34801614,135770962,8,315,0,0,0,2,0,0,2,t-0.60 Leftk cn,34.801614,135.770962
7,13.58,34801614,135770962,8,315,0,0,0,2,0,0,2,t-0.61 Leftk cn,34.801614,135.770962
7,13.59,34801614,135770962,8,315,0,0,0,2,0,0,2,t-0.61 Leftk cn,34.801614,135.770962
7,14,34801614,135770962,8,326.25,0,0,0,2,0,0,2,t-0.68 Leftk cn,34.801614,135.770962
7,14.1,34801613,135770962,7,315,0,0,0,2,0,0,2,t-0.63 Leftk cn,34.801613,135.770962
7,14.2,34801613,135770962,7,315,0,0,0,2,0,0,2,t-0.62 Leftk cn,34.801613,135.770962
7,14.3,34801613,135770962,7,315,0,0,0,2,0,0,2,t-0.59 Leftk cn,34.801613,135.770962
7,14.4,34801613,135770962,7,315,0,0,0,2,0,0,2,t-0.59 Leftk cn,34.801613,135.770962
7,14.5,34801613,135770962,7,315,0,0,0,2,0,0,2,t-0.58 Leftk cn,34.801613,135.770962
7,14.7,34801613,135770961,8,326.25,0,0,0,2,0,0,2,t-0.62 Leftk cn,34.801613,135.770961
7,14.8,34801613,135770961,7,315,0,0,0,2,0,0,2,t-0.62 Leftk cn,34.801613,135.770961
7,14.9,34801613,135770961,7,315,0,0,0,2,0,0,2,t-0.62 Leftk cn,34.801613,135.770961
7,14.1,34801613,135770961,8,315,0,0,0,2,0,0,2,t-0.59 Leftk cn,34.801613,135.770961
7,14.11,34801613,135770961,7,315,0,0,0,2,0,0,2,t-0.59 Leftk cn,34.801613,135.770961
7,14.12,34801613,135770961,7,315,0,0,0,2,0,0,2,t-0.59 Leftk cn,34.801613,135.770961
7,14.13,34801613,135770961,7,315,0,0,0,2,0,0,2,t-0.59 Leftk cn,34.801613,135.770961
7,14.14,34801613,135770961,7,315,0,0,0,2,0,0,2,t-0.59 Leftk cn,34.801613,135.770961
7,14.15,34801612,135770961,8,315,0,0,0,2,0,0,2,t-0.64 Leftk cn,34.801612,135.770961
7,14.16,34801612,135770961,8,315,0,0,0,2,0,0,2,t-0.67 Leftk cn,34.801612,135.770961
7,14.17,34801613,135770961,8,315,0,0,0,2,0,0,2,t-0.67 Leftk cn,34.801613,135.770961
7,14.18,34801613,135770960,8,315,0,0,0,2,0,0,2,t-0.66 Leftk cn,34.801613,135.77096
7,14.19,34801613,135770960,8,315,0,0,0,2,0,0,2,t-0.66 Leftk cn,34.801613,135.77096
7,14.2,34801613,135770960,8,315,0,0,0,2,0,0,2,t-0.64 Leftk cn,34.801613,135.77096
7,14.21,34801613,135770960,8,315,0,0,0,2,0,0,2,t-0.64 Leftk cn,34.801613,135.77096
7,14.22,34801613,135770960,8,315,0,0,0,2,0,0,2,t-0.67 Leftk cn,34.801613,135.77096
7,14.23,34801613,135770960,8,315,0,0,0,2,0,0,2,t-0.66 Leftk cn,34.801613,135.77096
7,14.24,34801613,135770960,8,315,0,0,0,2,0,0,2,t-0.65 Leftk cn,34.801613,135.77096
7,14.25,34801613,135770960,8,315,0,0,0,2,0,0,2,t-0.64 Leftk cn,34.801613,135.77096
7,14.26,34801613,135770960,8,326.25,0,0,0,2,0,0,2,t-0.70 Leftk cn,34.801613,135.77096
7,14.27,34801613,135770960,8,315,0,0,0,2,0,0,2,t-0.63 Leftk cn,34.801613,135.77096
7,14.28,34801614,135770960,8,326.25,0,0,0,2,0,0,2,t-0.62 Leftk cn,34.801614,135.77096
7,14.29,34801614,135770961,8,326.25,0,0,0,2,0,0,2,t-0.62 Leftk cn,34.801614,135.770961
7,14.3,34801614,135770960,8,315,0,0,0,2,0,0,2,t-0.63 Leftk cn,34.801614,135.77096
7,14.31,34801614,135770960,8,315,0,0,0,2,0,0,2,t-0.61 Leftk cn,34.801614,135.77096
7,14.33,34801614,135770960,8,326.25,0,0,0,2,0,0,2,t-0.63 Leftk cn,34.801614,135.77096
7,14.34,34801614,135770960,8,326.25,0,0,0,2,0,0,2,t-0.65 Leftk cn,34.801614,135.77096
7,14.35,34801614,135770960,8,326.25,0,0,0,2,0,0,2,t-0.64 Leftk cn,34.801614,135.77096
7,14.36,34801614,135770960,8,315,0,0,0,2,0,0,2,t-0.61 Leftk cn,34.801614,135.77096
7,14.37,34801614,135770960,8,315,0,0,0,2,0,0,2,t-0.61 Leftk cn,34.801614,135.77096
7,14.38,34801614,135770960,7,315,0,0,0,2,0,0,2,t-0.61 Leftk cn,34.801614,135.77096
7,14.39,34801614,135770960,7,315,0,0,0,2,0,0,2,t-0.61 Leftk cn,34.801614,135.77096
7,14.4,34801614,135770961,8,315,0,0,0,2,0,0,2,t-0.59 Leftk cn,34.801614,135.770961
7,14.41,34801614,135770961,8,315,0,0,0,2,0,0,2,t-0.61 Leftk cn,34.801614,135.770961
7,14.42,34801614,135770961,8,315,0,0,0,2,0,0,2,t-0.65 Leftk cn,34.801614,135.770961
7,14.43,34801614,135770961,8,315,0,0,0,2,0,0,2,t-0.65 Leftk cn,34.801614,135.770961
7,14.44,34801614,135770961,8,315,0,0,0,2,0,0,2,t-0.63 Leftk cn,34.801614,135.770961
7,14.45,34801614,135770961,8,315,0,0,0,2,0,0,2,t-0.63 Leftk cn,34.801614,135.770961
7,14.46,34801614,135770961,8,315,0,0,0,2,0,0,2,t-0.62 Leftk cn,34.801614,135.770961
7,14.47,34801614,135770961,7,315,0,0,0,2,0,0,2,t-0.62 Leftk cn,34.801614,135.770961
7,14.48,34801614,135770961,7,315,0,0,0,2,0,0,2,t-0.62 Leftk cn,34.801614,135.770961
7,14.49,34801614,135770961,7,315,0,0,0,2,0,0,2,t-0.62 Leftk cn,34.801614,135.770961
7,14.5,34801615,135770961,8,315,0,0,0,2,0,0,2,t-0.59 Leftk cn,34.801615,135.770961
7,14.51,34801615,135770961,8,315,0,0,0,2,0,0,2,t-0.62 Leftk cn,34.801615,135.770961
7,14.52,34801615,135770961,8,326.25,0,0,0,2,0,0,2,t-0.69 Leftk cn,34.801615,135.770961
7,14.53,34801615,135770961,8,326.25,0,0,0,2,0,0,2,t-0.63 Leftk cn,34.801615,135.770961
7,14.54,34801615,135770961,8,326.25,0,0,0,2,0,0,2,t-0.63 Leftk cn,34.801615,135.770961
7,14.55,34801615,135770962,8,326.25,0,0,0,2,0,0,2,t-0.63 Leftk cn,34.801615,135.770962
7,14.56,34801615,135770962,8,315,0,0,0,2,0,0,2,t-0.62 Leftk cn,34.801615,135.770962
7,14.57,34801615,135770962,8,315,0,0,0,2,0,0,2,t-0.59 Leftk cn,34.801615,135.770962
7,14.59,34801615,135770962,8,315,0,0,0,2,0,0,2,t-0.60 Leftk cn,34.801615,135.770962
7,15,34801615,135770962,8,326.25,0,0,0,2,0,0,2,t-0.63 Leftk cn,34.801615,135.770962
7,15.1,34801615,135770962,8,326.25,0,0,0,2,0,0,2,t-0.63 Leftk cn,34.801615,135.770962
7,15.2,34801615,135770962,7,315,0,0,0,2,0,0,2,t-0.63 Leftk cn,34.801615,135.770962
7,15.3,34801615,135770962,7,315,0,0,0,2,0,0,2,t-0.63 Leftk cn,34.801615,135.770962
7,15.4,34801615,135770962,8,326.25,0,0,0,2,0,0,2,t-0.59 Leftk cn,34.801615,135.770962
7,15.5,34801615,135770962,7,315,0,0,0,2,0,0,2,t-0.59 Leftk cn,34.801615,135.770962
7,15.6,34801615,135770962,7,315,0,0,0,2,0,0,2,t-0.59 Leftk cn,34.801615,135.770962
7,15.7,34801615,135770962,7,315,0,0,0,2,0,0,2,t-0.59 Leftk cn,34.801615,135.770962
7,15.8,34801615,135770962,8,315,0,0,0,2,0,0,2,t-0.59 Leftk cn,34.801615,135.770962
7,15.9,34801615,135770963,7,315,0,0,0,2,0,0,2,t-0.60 Leftk cn,34.801615,135.770963
7,15.1,34801615,135770963,7,315,0,0,0,2,0,0,2,t-0.60 Leftk cn,34.801615,135.770963
7,15.11,34801615,135770963,7,315,0,0,0,2,0,0,2,t-0.60 Leftk cn,34.801615,135.770963
7,15.12,34801615,135770963,7,315,0,0,0,2,0,0,2,t-0.57 Leftk cn,34.801615,135.770963
7,15.13,34801615,135770963,7,315,0,0,0,2,0,0,2,t-0.60 Leftk cn,34.801615,135.770963
7,15.14,34801615,135770963,7,315,0,0,0,2,0,0,2,t-0.60 Leftk cn,34.801615,135.770963
7,15.15,34801615,135770963,7,315,0,0,0,2,0,0,2,t-0.59 Leftk cn,34.801615,135.770963
7,15.16,34801615,135770963,7,315,0,0,0,2,0,0,2,t-0.62 Leftk cn,34.801615,135.770963
7,15.17,34801615,135770963,7,315,0,0,0,2,0,0,2,t-0.62 Leftk cn,34.801615,135.770963
7,15.18,34801615,135770963,7,326.25,0,0,0,2,0,0,2,t-0.68 Leftk cn,34.801615,135.770963
7,15.19,34801615,135770963,7,315,0,0,0,2,0,0,2,t-0.60 Leftk cn,34.801615,135.770963
7,15.2,34801615,135770963,7,326.25,0,0,0,2,0,0,2,t-0.69 Leftk cn,34.801615,135.770963
7,15.21,34801615,135770963,7,326.25,0,0,0,2,0,0,2,t-0.64 Leftk cn,34.801615,135.770963
