0.477,-0.098,0.875
0.491,-0.081,0.874
0.572,-0.112,0.815
0.588,-0.054,0.753
0.564,-0.078,0.726
0.535,-0.060,0.709
0.497,-0.049,0.691
0.463,-0.066,0.808
0.458,-0.137,0.930
0.457,-0.119,0.996
0.463,-0.095,0.969
0.437,-0.102,0.934
0.415,-0.045,0.900
0.378,-0.009,0.890
0.324,-0.027,0.928
0.289,-0.030,0.949
0.286,-0.031,0.950
0.289,-0.048,0.958
0.306,-0.066,0.961
0.331,-0.075,0.981
0.328,-0.079,0.960
0.313,-0.070,0.945
0.301,-0.082,0.962
0.307,-0.083,0.984
0.309,-0.072,0.997
0.305,-0.079,0.994
0.298,-0.094,0.996
0.295,-0.112,1.023
0.304,-0.120,1.011
0.293,-0.132,0.988
0.287,-0.158,0.963
0.306,-0.183,0.960
0.326,-0.192,0.963
0.330,-0.209,0.949
0.334,-0.224,0.919
0.316,-0.248,0.880
0.275,-0.245,0.813
0.217,-0.229,0.768
0.158,-0.205,0.710
0.106,-0.198,0.657
0.129,-0.221,0.625
0.190,-0.272,0.697
0.142,-0.293,0.782
0.006,-0.267,0.884
-0.120,-0.194,0.905
-0.150,-0.146,0.907
-0.127,-0.135,0.897
-0.083,-0.227,0.924
-0.017,-0.352,0.898
0.037,-0.461,0.840
0.042,-0.547,0.804
0.016,-0.586,0.788
-0.032,-0.624,0.781
-0.046,-0.702,0.727
-0.001,-0.895,0.755
0.038,-0.960,0.771
0.088,-0.882,0.790
0.179,-0.773,0.836
0.288,-0.808,0.915
0.423,-0.856,0.947
0.544,-0.791,0.958
0.570,-0.764,0.911
0.530,-0.758,0.845
0.452,-0.677,0.765
0.374,-0.519,0.638
0.284,-0.418,0.629
0.200,-0.393,0.728
0.183,-0.307,0.773
0.219,-0.258,0.770
0.230,-0.358,0.795
0.229,-0.457,0.781
0.224,-0.490,0.735
0.246,-0.565,0.770
0.276,-0.563,0.996
0.266,-0.318,1.091
0.364,-0.202,1.204
0.414,-0.198,1.155
0.425,-0.339,1.115
0.365,-0.389,1.042
0.265,-0.374,0.940
0.192,-0.311,0.897
0.159,-0.260,0.858
0.155,-0.250,0.834
0.159,-0.234,0.881
0.229,-0.171,0.990
0.316,-0.068,1.096
0.465,-0.012,1.091
0.518,-0.029,1.112
0.482,-0.053,1.102
0.445,-0.067,1.071
0.436,-0.096,1.041
0.422,-0.122,0.966
0.419,-0.144,0.872
0.453,-0.174,0.813
0.506,-0.199,0.813
0.562,-0.224,0.846
0.588,-0.251,0.812
0.588,-0.264,0.743
0.584,-0.252,0.680
0.618,-0.237,0.664
0.688,-0.215,0.677
0.697,-0.173,0.658
0.712,-0.142,0.619
0.732,-0.126,0.599
0.772,-0.125,0.595
0.798,-0.129,0.590
0.803,-0.131,0.582
0.822,-0.135,0.590
0.833,-0.139,0.595
0.825,-0.140,0.590
0.831,-0.139,0.589
0.825,-0.142,0.570
0.815,-0.149,0.549
0.876,-0.166,0.582
0.969,-0.179,0.625
0.983,-0.183,0.615
0.901,-0.179,0.569
0.849,-0.173,0.552
0.928,-0.186,0.626
0.933,-0.180,0.704
0.814,-0.149,0.704
0.765,-0.127,0.740
0.791,-0.108,0.798
0.854,-0.107,0.772
0.956,-0.121,0.689
0.975,-0.114,0.613
0.996,-0.123,0.672
1.005,-0.143,0.749
0.921,-0.151,0.747
0.771,-0.142,0.662
0.709,-0.145,0.642
0.719,-0.149,0.687
0.733,-0.144,0.684
0.678,-0.129,0.602
0.666,-0.122,0.566
0.678,-0.123,0.508
0.718,-0.126,0.540
0.710,-0.114,0.609
0.648,-0.090,0.644
0.599,-0.083,0.589
0.552,-0.086,0.575
0.528,-0.094,0.572
0.548,-0.110,0.604
0.577,-0.118,0.635
0.596,-0.112,0.646
0.638,-0.107,0.670
0.688,-0.103,0.710
0.695,-0.099,0.744
0.669,-0.102,0.729
0.649,-0.108,0.682
0.664,-0.119,0.658
0.717,-0.135,0.670
0.752,-0.139,0.664
0.739,-0.127,0.587
0.730,-0.116,0.548
0.758,-0.100,0.545
0.825,-0.083,0.576
0.859,-0.069,0.596
0.845,-0.060,0.598
0.844,-0.049,0.625
0.890,-0.031,0.642
1.009,-0.007,0.716
1.022,0.031,0.713
0.942,0.028,0.626
0.803,0.010,0.523
0.707,-0.010,0.466
0.619,-0.051,0.451
0.640,-0.089,0.549
0.734,-0.134,0.608
0.837,-0.181,0.667
0.878,-0.224,0.750
0.836,-0.264,0.773
0.773,-0.287,0.749
0.728,-0.280,0.742
0.752,-0.289,0.802
0.781,-0.299,0.877
0.785,-0.272,0.853
0.776,-0.244,0.808
0.768,-0.216,0.767
0.786,-0.210,0.755
0.775,-0.202,0.733
0.767,-0.208,0.724
0.803,-0.229,0.752
0.851,-0.249,0.767
0.862,-0.252,0.732
0.847,-0.246,0.657
0.864,-0.252,0.605
0.843,-0.246,0.546
0.827,-0.244,0.527
0.831,-0.232,0.518
0.760,-0.202,0.428
0.629,-0.172,0.407
0.593,-0.152,0.423
0.679,-0.163,0.462
0.836,-0.207,0.555
0.985,-0.255,0.657
0.977,-0.270,0.616
0.881,-0.260,0.508
0.808,-0.231,0.448
0.777,-0.193,0.475
0.748,-0.153,0.509
0.693,-0.107,0.527
0.731,-0.092,0.624
0.826,-0.109,0.675
0.850,-0.163,0.696
0.800,-0.202,0.652
0.743,-0.200,0.595
0.613,-0.169,0.497
0.584,-0.144,0.481
0.663,-0.131,0.542
0.816,-0.149,0.672
0.912,-0.186,0.759
0.931,-0.202,0.781
0.896,-0.202,0.774
0.858,-0.201,0.744
0.838,-0.197,0.725
0.857,-0.197,0.741
0.871,-0.192,0.733
0.838,-0.182,0.701
0.783,-0.158,0.673
0.695,-0.125,0.671
0.658,-0.100,0.663
0.772,-0.114,0.765
0.954,-0.161,0.874
1.044,-0.207,0.899
0.961,-0.216,0.830
0.754,-0.189,0.665
0.549,-0.157,0.469
0.400,-0.136,0.329
0.479,-0.166,0.433
0.770,-0.183,0.647
0.938,-0.189,0.805
0.964,-0.178,0.853
0.982,-0.162,0.890
0.954,-0.160,0.864
0.915,-0.169,0.839
0.851,-0.174,0.787
0.780,-0.170,0.712
0.668,-0.151,0.586
0.517,-0.121,0.451
0.369,-0.090,0.334
0.218,-0.065,0.220
0.108,-0.058,0.168
0.061,-0.063,0.165
0.116,-0.082,0.256
0.317,-0.089,0.426
0.761,-0.067,0.752
1.280,-0.187,1.061
1.390,-0.253,1.159
1.390,-0.253,1.159
1.390,-0.253,1.159
1.292,-0.266,1.119
1.103,-0.254,1.025
1.038,-0.241,1.004
1.139,-0.223,1.016
1.290,-0.180,1.061
1.301,-0.141,1.027
1.201,-0.134,0.937
1.099,-0.136,0.869
1.035,-0.132,0.834
0.963,-0.127,0.785
0.861,-0.123,0.705
0.734,-0.120,0.613
0.633,-0.117,0.539
0.579,-0.113,0.496
0.603,-0.107,0.493
0.649,-0.100,0.518
0.695,-0.095,0.558
0.759,-0.104,0.623
0.914,-0.132,0.751
1.052,-0.165,0.853
1.094,-0.197,0.911
1.080,-0.218,0.928
1.046,-0.231,0.920
1.045,-0.237,0.916
1.036,-0.241,0.891
1.000,-0.242,0.841
0.934,-0.236,0.773
0.847,-0.221,0.697
0.760,-0.203,0.624
0.752,-0.196,0.614
0.801,-0.196,0.632
0.866,-0.205,0.652
0.873,-0.211,0.640
0.845,-0.210,0.644
0.799,-0.199,0.655
0.736,-0.185,0.639
0.678,-0.173,0.630
0.633,-0.169,0.623
0.586,-0.163,0.614
0.546,-0.158,0.601
0.517,-0.153,0.572
0.482,-0.142,0.522
0.443,-0.129,0.468
0.435,-0.122,0.444
0.451,-0.119,0.440
0.501,-0.116,0.466
0.589,-0.122,0.525
0.737,-0.143,0.634
0.930,-0.171,0.770
1.085,-0.202,0.885
1.272,-0.232,1.035
1.517,-0.276,1.216
1.655,-0.322,1.314
1.673,-0.346,1.341
1.726,-0.366,1.391
1.840,-0.390,1.496
1.924,-0.405,1.595
1.899,-0.393,1.598
1.871,-0.388,1.546
1.923,-0.412,1.521
2.045,-0.452,1.541
2.211,-0.512,1.641
2.373,-0.577,1.729
2.444,-0.620,1.726
2.401,-0.574,1.594
2.426,-0.522,1.562
2.559,-0.470,1.664
2.908,-0.405,1.843
3.080,-0.224,1.929
2.974,-0.080,1.762
2.903,-0.048,1.559
3.192,-0.076,1.687
3.572,-0.113,1.911
3.927,-0.161,2.165
4.305,-0.258,2.538
4.472,-0.338,2.911
4.663,-0.369,3.271
4.876,-0.387,3.615
5.140,-0.369,3.915
5.464,-0.302,4.229
5.467,-0.205,4.206
5.168,-0.137,4.008
4.973,-0.139,4.000
5.106,-0.214,4.269
5.486,-0.338,4.700
6.186,-0.533,5.276
6.396,-0.610,5.272
6.294,-0.623,5.118
6.375,-0.670,5.368
6.866,-0.861,5.952
7.287,-1.008,6.234
7.271,-0.949,5.980
6.900,-0.797,5.503
6.414,-0.634,5.002
5.978,-0.506,4.637
5.583,-0.439,4.294
5.256,-0.489,4.073
5.297,-0.613,4.101
5.645,-0.714,4.463
6.022,-0.752,4.868
6.563,-0.813,5.350
7.171,-0.973,5.859
7.632,-1.152,6.123
8.258,-1.274,6.535
8.824,-1.349,6.987
9.285,-1.383,7.340
9.707,-1.403,7.605
9.784,-1.347,7.484
9.356,-1.224,6.847
8.912,-1.106,6.232
8.683,-1.082,5.907
8.482,-1.139,5.715
8.164,-1.163,5.499
7.962,-1.172,5.380
7.869,-1.220,5.396
7.900,-1.345,5.658
7.659,-1.508,5.740
7.325,-1.705,5.542
6.930,-1.749,5.080
6.573,-1.614,4.553
6.152,-1.446,4.126
5.456,-1.235,3.660
4.907,-1.056,3.450
4.713,-0.987,3.659
4.925,-1.053,4.012
5.214,-1.088,4.449
5.829,-1.122,5.323
6.798,-1.190,6.594
7.289,-1.211,7.839
7.323,-1.338,8.688
7.422,-1.398,9.376
7.503,-1.401,9.945
7.467,-1.355,10.136
7.421,-1.229,10.136
7.408,-0.950,9.956
7.142,-0.581,9.505
7.012,-0.310,8.995
6.920,-0.210,8.432
6.821,-0.194,7.791
6.974,-0.427,7.230
7.491,-0.771,7.161
7.856,-1.100,7.062
8.069,-1.301,6.714
7.942,-1.478,6.081
7.386,-1.448,5.160
6.551,-1.390,4.342
5.946,-1.497,3.935
5.967,-1.644,3.952
6.373,-1.772,4.406
6.888,-1.838,4.720
7.236,-1.841,4.942
7.543,-1.835,5.185
7.695,-1.861,5.655
7.718,-1.817,6.278
7.850,-1.706,6.839
8.100,-1.659,7.689
8.369,-1.667,8.433
8.538,-1.749,9.114
8.120,-1.717,9.364
7.402,-1.566,9.150
6.826,-1.327,8.801
6.653,-1.131,8.671
7.003,-1.073,8.830
7.369,-0.976,8.883
7.359,-0.706,8.714
6.946,-0.490,8.311
6.222,-0.308,7.658
5.475,-0.011,6.747
4.687,0.151,5.726
4.041,0.203,4.939
3.697,0.099,4.311
3.660,-0.102,3.881
3.977,-0.423,3.727
4.452,-0.644,3.778
4.894,-0.712,3.834
5.419,-0.742,4.043
6.395,-0.923,4.776
6.884,-1.189,5.187
7.211,-1.232,5.205
7.810,-1.293,5.591
8.486,-1.582,6.139
8.874,-1.812,6.185
8.999,-1.818,5.997
8.832,-1.626,5.652
8.034,-1.428,5.107
7.256,-1.387,4.964
7.023,-1.388,5.193
7.096,-1.332,5.677
7.183,-1.307,6.250
7.357,-1.221,7.038
7.387,-1.112,7.708
7.454,-1.028,8.262
7.554,-0.958,8.644
7.244,-0.867,8.717
6.703,-0.685,8.489
5.959,-0.451,7.997
5.294,-0.186,7.269
4.725,-0.007,6.597
4.603,0.056,6.292
4.838,-0.011,6.144
5.144,-0.110,6.019
5.713,-0.370,6.100
6.884,-0.904,6.561
7.933,-1.287,6.929
8.799,-1.462,7.130
9.550,-1.550,7.263
10.009,-1.560,7.361
9.928,-1.668,7.182
9.548,-1.928,6.982
9.177,-2.047,6.646
8.591,-1.968,6.124
8.029,-1.851,5.708
7.570,-1.646,5.737
7.642,-1.432,6.331
8.187,-1.244,7.316
8.363,-1.077,8.129
7.880,-1.043,8.618
7.344,-0.906,8.663
6.648,-0.515,8.496
5.773,-0.177,7.921
4.867,0.124,7.109
4.362,0.354,6.548
4.427,0.401,6.303
4.771,0.230,6.189
5.031,0.003,5.930
5.754,-0.356,6.059
6.995,-0.991,6.557
7.917,-1.383,6.703
8.580,-1.567,6.722
9.139,-1.602,6.686
9.616,-1.676,6.975
9.866,-1.904,7.212
9.810,-2.268,7.471
9.614,-2.498,7.288
8.979,-2.436,6.727
7.923,-2.236,6.193
7.203,-1.927,6.378
7.195,-1.579,7.293
7.527,-1.350,8.266
7.798,-1.189,8.889
7.525,-1.004,8.907
6.845,-0.774,8.516
6.154,-0.519,7.989
5.451,-0.305,7.344
4.784,-0.149,6.571
4.037,0.040,5.687
3.527,0.214,5.081
3.834,0.176,5.007
4.663,-0.077,5.108
5.160,-0.223,5.118
5.941,-0.620,5.403
6.917,-1.021,5.803
7.866,-1.258,6.228
8.767,-1.425,6.463
8.990,-1.497,6.450
8.990,-1.497,6.450
8.990,-1.497,6.450
9.018,-1.522,6.402
8.812,-1.618,5.787
8.537,-1.556,5.402
7.770,-1.467,5.045
7.256,-1.409,5.282
7.338,-1.414,5.888
7.768,-1.340,6.763
7.906,-1.105,7.504
7.654,-1.016,8.028
7.475,-1.009,8.518
7.149,-0.951,8.564
6.663,-0.766,8.261
6.041,-0.601,7.770
5.332,-0.379,7.240
4.643,-0.083,6.588
3.835,0.141,5.617
3.499,0.359,4.919
3.985,0.288,5.030
4.881,-0.036,5.446
6.081,-0.537,6.151
7.622,-1.068,6.847
8.760,-1.325,7.241
9.573,-1.482,7.430
10.201,-1.686,7.677
10.624,-1.987,7.756
10.778,-2.088,7.486
10.774,-2.376,7.614
10.545,-2.593,7.427
10.019,-2.543,6.932
9.034,-2.304,6.282
8.127,-2.042,5.892
7.900,-1.744,6.440
8.426,-1.452,7.606
8.487,-1.235,8.457
8.156,-1.168,8.910
7.680,-1.031,8.838
6.902,-0.653,8.503
5.943,-0.345,7.794
5.091,-0.044,6.987
4.385,0.231,6.266
3.749,0.416,5.548
3.571,0.405,5.223
3.948,0.140,5.328
4.490,-0.139,5.361
5.283,-0.471,5.488
6.434,-1.045,5.719
7.505,-1.267,6.084
8.479,-1.412,6.335
8.888,-1.484,6.113
8.872,-1.421,5.815
8.775,-1.518,5.702
8.642,-1.797,5.589
8.355,-1.894,5.242
7.933,-1.818,4.960
7.420,-1.810,4.857
7.065,-1.771,4.993
7.076,-1.552,5.771
7.527,-1.420,6.728
7.687,-1.280,7.298
7.528,-1.199,7.799
7.335,-1.210,8.087
7.061,-1.219,8.240
6.716,-1.014,8.175
6.215,-0.739,7.809
5.571,-0.416,7.340
4.927,-0.122,6.876
4.536,0.165,6.572
4.593,0.386,6.567
5.103,0.353,6.684
5.895,0.118,6.854
6.720,-0.056,7.131
7.509,-0.359,7.363
7.977,-0.700,7.195
8.459,-1.100,6.999
9.162,-1.440,7.016
9.751,-1.640,7.077
10.089,-1.786,6.801
9.955,-1.755,6.349
9.318,-1.956,5.946
8.546,-2.154,5.464
7.827,-2.093,5.214
7.740,-1.993,5.579
8.509,-2.042,6.426
9.097,-1.860,7.352
8.803,-1.646,7.917
8.245,-1.450,8.394
7.581,-1.368,8.407
6.775,-1.118,8.219
6.196,-0.716,7.879
5.697,-0.274,7.456
5.209,0.044,7.035
4.954,0.216,6.828
5.224,0.237,6.892
5.753,0.118,6.998
6.334,-0.047,7.055
7.239,-0.342,7.320
8.265,-0.843,7.430
8.890,-1.199,7.157
9.391,-1.361,6.987
9.867,-1.420,7.036
10.108,-1.505,6.944
10.011,-1.554,6.485
9.558,-1.551,5.917
9.077,-1.600,5.592
8.398,-1.786,5.426
7.959,-1.867,5.361
8.112,-1.924,5.858
8.502,-1.962,6.430
8.581,-1.842,7.005
8.315,-1.641,7.490
7.737,-1.437,7.856
7.059,-1.310,7.933
6.481,-1.021,7.881
6.291,-0.677,7.668
6.081,-0.327,7.454
5.839,0.042,7.269
5.832,0.398,7.479
6.133,0.497,7.829
6.815,0.185,8.067
7.592,-0.148,8.321
8.537,-0.488,8.433
9.026,-0.758,7.976
9.493,-1.114,7.595
10.049,-1.365,7.468
10.353,-1.559,7.116
10.387,-1.571,6.608
10.106,-1.685,6.360
9.680,-2.061,6.176
9.336,-2.182,5.850
9.333,-2.116,5.914
9.432,-1.985,6.161
9.199,-1.893,6.478
8.767,-1.825,6.730
8.116,-1.634,6.877
7.028,-1.283,6.971
6.248,-1.062,7.044
5.787,-0.845,6.899
5.488,-0.539,6.704
5.276,-0.230,6.504
5.467,-0.019,6.524
6.087,0.153,6.924
6.681,0.239,7.326
6.932,0.285,7.313
7.064,0.231,7.201
7.110,0.098,6.987
7.646,-0.362,7.082
8.265,-1.035,6.846
8.644,-1.344,6.611
9.320,-1.501,6.745
10.083,-1.586,6.791
10.381,-1.678,6.756
10.288,-1.944,6.568
9.739,-2.149,6.020
9.105,-2.094,5.374
8.775,-1.911,5.083
8.749,-1.732,5.267
8.963,-1.657,6.075
8.908,-1.701,6.714
8.426,-1.679,6.838
7.584,-1.378,6.795
6.953,-1.169,6.930
6.495,-1.070,7.171
6.252,-0.908,7.192
6.363,-0.607,7.287
6.453,-0.429,7.457
6.670,-0.243,7.683
6.934,-0.062,8.023
7.671,-0.032,8.607
8.106,-0.127,8.678
8.094,-0.088,8.438
8.139,-0.201,8.126
8.460,-0.564,7.710
9.132,-1.096,7.438
9.802,-1.457,7.278
10.130,-1.575,6.960
9.918,-1.517,6.257
9.598,-1.379,5.815
9.518,-1.704,6.325
9.805,-2.034,6.719
9.951,-2.214,6.901
9.848,-2.223,6.742
9.091,-2.113,6.333
8.085,-1.866,5.940
7.261,-1.482,5.958
6.707,-1.004,6.359
6.585,-0.781,6.815
6.781,-0.678,7.316
7.009,-0.444,7.754
7.227,-0.153,8.186
7.437,0.061,8.448
7.672,0.046,8.497
8.217,-0.109,8.701
8.451,-0.164,8.472
8.493,-0.263,8.053
8.630,-0.514,7.661
8.895,-0.971,7.190
9.373,-1.265,6.828
9.696,-1.466,6.510
9.754,-1.557,6.205
9.809,-1.649,6.134
9.948,-2.063,6.644
10.048,-2.319,6.834
10.109,-2.405,6.963
9.946,-2.342,6.872
9.314,-2.078,6.759
8.576,-1.729,7.045
7.808,-1.276,7.343
7.218,-0.998,7.660
6.887,-0.797,7.670
6.499,-0.541,7.409
6.528,-0.112,7.388
6.693,0.309,7.515
6.980,0.445,7.806
7.514,0.267,8.080
7.948,0.061,8.116
8.716,-0.346,8.267
9.206,-0.836,7.905
9.668,-1.326,7.511
10.172,-1.607,7.329
10.390,-1.956,6.756
10.348,-2.080,6.393
10.115,-2.289,6.144
9.440,-2.246,5.736
8.985,-2.116,5.618
9.006,-2.126,6.050
9.189,-2.026,6.561
9.101,-1.845,7.168
8.858,-1.569,7.669
8.224,-1.362,7.992
7.508,-1.155,8.033
6.778,-0.765,7.710
6.383,-0.357,7.381
6.095,-0.057,7.159
5.943,0.058,7.148
6.146,0.040,7.250
6.884,-0.088,7.474
7.619,-0.260,7.690
8.179,-0.525,7.459
9.006,-0.816,7.401
9.972,-1.341,7.476
10.316,-1.479,7.068
10.551,-1.448,6.785
10.941,-1.436,6.770
11.086,-1.528,6.594
10.687,-1.572,6.155
9.936,-1.650,5.810
9.349,-1.971,5.603
9.426,-2.059,5.689
9.937,-2.065,6.216
10.289,-2.041,6.516
10.079,-1.985,6.752
9.629,-1.848,7.002
8.873,-1.656,7.113
8.097,-1.346,7.332
7.405,-1.212,7.473
7.405,-1.212,7.473
7.405,-1.212,7.473
7.405,-1.212,7.473
7.821,-0.877,7.908
8.543,-0.607,8.585
8.679,-0.384,8.942
8.882,-0.322,9.069
8.903,-0.338,8.618
8.951,-0.439,8.145
9.428,-0.867,7.876
9.946,-1.223,7.610
10.289,-1.528,7.239
10.253,-1.778,6.634
9.620,-1.776,5.765
9.052,-1.957,5.342
9.103,-2.070,5.390
9.557,-2.058,6.053
9.932,-2.158,6.713
9.814,-2.233,6.671
9.209,-2.086,6.575
8.570,-1.764,6.670
7.990,-1.335,6.987
7.503,-1.109,7.370
7.232,-0.987,7.538
7.418,-0.770,7.682
7.848,-0.600,8.076
8.293,-0.484,8.449
8.682,-0.329,9.036
8.913,-0.201,9.210
8.760,-0.122,8.915
8.858,-0.214,8.658
9.250,-0.553,8.386
9.737,-0.949,7.873
9.902,-1.233,7.135
9.603,-1.329,6.380
9.213,-1.270,5.804
9.165,-1.287,5.601
9.602,-1.598,6.161
10.074,-1.926,6.650
10.352,-2.124,6.908
10.242,-2.210,6.708
9.494,-2.187,6.206
8.629,-2.089,5.938
7.861,-1.809,5.865
7.198,-1.343,5.876
6.819,-0.999,6.218
6.981,-0.884,6.953
7.439,-0.764,7.706
7.903,-0.677,8.185
8.121,-0.556,8.443
8.526,-0.286,8.956
9.105,-0.089,9.361
9.231,-0.005,9.228
9.379,0.020,9.034
9.503,-0.129,8.818
9.416,-0.460,8.178
9.177,-0.938,7.111
9.071,-1.232,6.391
9.408,-1.428,6.252
10.153,-1.722,6.566
10.838,-2.057,6.995
11.029,-2.408,7.208
11.000,-2.603,7.134
10.718,-2.543,6.839
9.896,-2.388,6.365
8.974,-2.127,6.111
7.995,-1.750,6.147
7.209,-1.342,6.210
6.763,-1.147,6.633
6.826,-1.025,7.217
7.433,-0.864,7.823
8.085,-0.775,8.433
8.357,-0.651,8.854
9.058,-0.586,9.439
9.318,-0.399,9.283
9.342,-0.227,9.050
9.274,-0.143,8.910
8.997,-0.089,8.416
8.527,-0.202,7.495
8.141,-0.543,6.513
8.129,-0.956,5.817
8.377,-1.240,5.642
9.011,-1.614,6.003
9.693,-1.805,6.411
9.944,-2.050,6.618
9.875,-2.289,6.627
9.661,-2.366,6.459
9.152,-2.301,6.102
8.377,-2.091,5.724
7.463,-1.752,5.675
6.683,-1.329,5.800
6.162,-1.003,6.123
6.066,-0.900,6.557
6.197,-0.743,6.937
6.642,-0.592,7.411
7.308,-0.391,7.900
7.732,-0.228,8.336
8.153,-0.134,8.889
8.388,-0.109,8.939
8.252,-0.160,8.528
8.061,-0.232,8.141
8.006,-0.310,7.594
8.000,-0.592,6.982
8.363,-1.015,6.463
8.565,-1.200,6.037
9.012,-1.264,6.084
9.696,-1.545,6.463
10.321,-1.773,6.733
10.478,-1.877,6.697
10.349,-1.957,6.451
9.960,-1.922,5.926
9.203,-1.752,5.474
8.453,-1.599,5.111
7.757,-1.463,4.807
7.171,-1.386,4.688
6.880,-1.283,4.895
6.868,-1.111,5.527
7.255,-1.047,6.629
7.861,-1.052,7.753
8.215,-0.998,8.441
8.334,-0.938,8.784
8.551,-0.919,9.289
8.938,-0.788,9.530
8.577,-0.393,9.130
8.172,-0.067,8.570
7.742,0.206,8.033
7.262,0.301,7.598
7.101,0.152,7.218
7.323,-0.251,6.812
7.678,-0.728,6.445
8.437,-1.081,6.369
9.255,-1.297,6.513
9.814,-1.547,6.568
10.076,-1.741,6.521
10.052,-1.979,6.330
9.844,-2.093,6.026
9.267,-2.053,5.380
8.362,-1.862,4.681
7.271,-1.639,4.135
6.632,-1.433,4.109
6.909,-1.210,4.860
7.518,-1.034,6.134
8.131,-1.075,7.395
8.382,-1.145,8.207
8.528,-1.210,8.788
9.171,-1.073,9.379
9.374,-0.885,9.899
9.467,-0.739,10.173
8.976,-0.499,9.939
7.920,-0.043,9.029
7.077,0.356,7.970
6.672,0.456,7.305
6.873,0.162,7.072
7.576,-0.503,6.855
8.490,-1.047,6.817
9.419,-1.332,6.866
9.969,-1.551,6.851
10.295,-1.747,6.659
10.268,-1.781,6.341
9.975,-1.828,5.967
9.466,-1.844,5.481
8.351,-1.717,4.689
7.170,-1.533,4.172
6.657,-1.324,4.331
6.983,-1.017,5.152
7.553,-0.943,6.469
8.251,-0.988,7.736
8.762,-1.056,8.565
8.917,-1.123,9.067
9.275,-1.160,9.729
9.342,-1.005,9.847
9.214,-0.697,9.685
8.822,-0.445,9.563
8.163,-0.102,8.900
7.097,0.240,7.751
6.554,0.221,6.793
6.497,-0.026,6.123
6.943,-0.408,5.964
7.882,-0.895,6.188
8.731,-1.196,6.250
9.068,-1.332,6.144
9.057,-1.512,5.834
8.765,-1.713,5.601
8.276,-1.938,5.095
7.707,-1.867,4.410
7.050,-1.596,3.768
6.375,-1.332,3.321
5.882,-1.096,3.480
6.113,-0.874,4.035
6.581,-0.738,5.013
7.067,-0.847,6.307
7.608,-0.933,7.273
7.808,-0.932,7.830
8.355,-1.047,8.569
8.708,-0.970,8.912
8.773,-0.718,8.956
8.637,-0.476,8.983
8.194,-0.159,8.630
7.675,0.143,7.955
7.130,0.219,7.222
6.905,0.027,6.547
6.942,-0.345,5.980
7.283,-0.812,5.689
7.940,-1.129,5.763
8.637,-1.432,5.926
9.070,-1.671,5.977
9.232,-1.878,5.842
8.964,-1.911,5.451
8.288,-1.798,4.788
7.513,-1.583,4.156
6.765,-1.382,3.785
6.102,-1.180,3.722
5.713,-0.923,3.782
6.072,-0.803,4.539
6.920,-0.877,5.879
7.702,-1.073,7.129
8.060,-1.118,7.840
8.158,-1.163,8.247
7.938,-1.198,8.243
8.394,-1.257,8.990
9.146,-1.197,9.390
8.876,-0.833,9.144
8.438,-0.497,8.960
7.585,-0.201,8.337
6.920,0.163,7.627
6.987,0.086,7.127
7.076,-0.134,6.525
7.213,-0.247,6.217
7.782,-0.485,6.309
8.823,-0.943,6.757
9.942,-1.414,7.083
10.728,-1.717,7.223
10.993,-1.961,7.054
10.782,-2.202,6.632
10.048,-2.160,5.745
9.030,-1.912,4.802
8.005,-1.628,4.220
7.718,-1.352,4.536
8.358,-1.155,5.558
8.746,-1.154,7.035
8.872,-1.333,8.273
9.728,-1.337,9.311
10.081,-1.337,9.813
10.164,-1.347,10.174
9.941,-1.227,10.242
9.235,-0.851,9.790
8.126,-0.409,8.946
6.908,-0.014,7.823
5.732,0.292,6.648
5.279,0.350,5.773
5.504,0.071,5.315
6.109,-0.334,5.403
6.899,-0.678,5.729
7.710,-0.996,6.039
8.221,-1.195,5.939
8.322,-1.452,5.467
8.063,-1.611,4.984
7.832,-1.736,4.656
7.559,-1.624,4.321
7.138,-1.371,4.028
6.564,-1.124,3.760
6.301,-0.984,4.121
6.770,-0.993,5.275
7.814,-0.965,6.707
8.338,-1.104,7.853
9.032,-1.295,9.025
9.554,-1.260,9.679
9.657,-1.133,9.901
9.679,-1.012,10.033
9.270,-0.737,9.830
8.574,-0.287,9.171
7.924,0.089,8.409
7.176,0.278,7.397
6.561,0.285,6.531
6.438,0.079,5.908
7.048,-0.466,5.763
7.872,-0.895,5.854
8.572,-1.145,5.946
8.992,-1.366,5.894
9.039,-1.521,5.687
8.820,-1.804,5.511
8.444,-1.981,4.976
7.836,-1.864,4.363
7.104,-1.606,3.734
6.352,-1.297,3.303
6.078,-1.100,3.536
6.677,-0.932,4.428
7.410,-0.890,5.883
8.350,-1.071,7.664
9.279,-1.206,8.728
9.630,-1.225,9.472
9.963,-1.205,10.150
10.272,-1.173,10.627
10.131,-1.029,10.593
9.359,-0.677,10.042
8.100,-0.139,9.013
6.773,0.368,7.916
6.162,0.470,7.013
6.841,0.030,6.751
7.735,-0.473,6.790
8.636,-0.891,6.954
9.435,-1.240,6.885
9.781,-1.574,6.706
9.877,-1.879,6.402
9.634,-2.256,6.141
9.225,-2.293,5.602
8.273,-1.965,4.864
7.236,-1.595,4.239
6.590,-1.225,4.408
7.447,-0.944,5.848
8.905,-0.906,8.000
9.267,-1.132,9.317
9.733,-1.270,10.188
10.304,-1.356,10.732
10.445,-1.180,10.807
10.341,-0.876,10.836
9.612,-0.443,10.304
8.015,0.037,8.883
6.320,0.449,7.219
5.502,0.578,6.192
6.003,0.183,6.098
6.965,-0.427,6.290
7.455,-0.854,6.081
7.745,-1.075,5.715
8.075,-1.246,5.590
8.241,-1.423,5.324
8.201,-1.737,5.062
7.714,-1.916,4.650
7.096,-1.843,4.143
6.584,-1.601,3.688
6.064,-1.339,3.434
5.494,-1.041,3.466
5.095,-0.713,3.634
5.034,-0.487,4.372
5.419,-0.559,5.423
6.394,-0.634,6.631
7.656,-0.859,7.820
8.231,-1.059,8.387
7.841,-0.961,8.343
8.544,-0.900,9.109
9.279,-0.823,9.391
8.670,-0.504,8.812
7.916,-0.192,8.180
7.354,0.122,7.681
7.552,0.122,7.528
8.025,-0.205,7.238
8.314,-0.555,6.730
8.530,-0.811,6.343
8.865,-0.969,6.220
9.122,-1.154,6.137
9.496,-1.479,6.214
9.819,-1.898,6.157
9.766,-2.047,5.857
9.213,-1.949,5.193
8.344,-1.721,4.416
7.427,-1.457,3.771
6.684,-1.235,3.528
6.388,-1.124,3.867
6.360,-0.994,4.310
6.229,-0.908,4.757
6.210,-0.918,5.279
6.188,-0.899,5.625
6.364,-0.873,6.150
7.022,-0.934,6.785
7.027,-0.956,7.052
6.885,-0.803,6.979
6.713,-0.629,6.882
6.357,-0.352,6.628
5.785,-0.074,6.157
5.232,0.135,5.609
4.816,0.212,5.143
4.600,0.176,4.852
4.607,0.046,4.667
4.735,-0.163,4.449
4.989,-0.405,4.345
5.353,-0.672,4.338
5.701,-0.818,4.211
5.901,-0.978,3.998
5.908,-1.065,3.640
5.792,-1.145,3.373
5.691,-1.152,3.162
5.688,-1.055,3.102
5.612,-0.924,3.130
5.310,-0.810,3.042
4.974,-0.762,2.994
4.659,-0.750,3.030
4.507,-0.734,3.172
4.657,-0.685,3.582
4.983,-0.707,4.216
5.315,-0.769,4.937
5.491,-0.836,5.475
5.532,-0.886,5.868
5.436,-0.947,6.004
5.394,-0.955,5.979
5.708,-0.894,6.268
6.222,-0.730,6.511
6.396,-0.459,6.581
6.298,-0.169,6.442
6.200,-0.053,6.192
5.943,0.074,5.780
5.565,0.176,5.355
5.034,0.235,4.843
4.392,0.234,4.201
3.941,0.203,3.687
3.755,0.137,3.339
3.693,-0.034,3.075
3.828,-0.273,2.937
3.965,-0.486,2.801
4.008,-0.606,2.694
3.963,-0.717,2.634
3.898,-0.846,2.624
3.786,-0.968,2.539
3.716,-0.985,2.404
3.681,-0.927,2.297
3.683,-0.865,2.218
3.583,-0.751,2.142
3.338,-0.630,2.078
2.994,-0.541,2.008
2.696,-0.476,1.983
2.506,-0.422,2.060
2.399,-0.376,2.241
2.340,-0.382,2.478
2.361,-0.377,2.647
2.398,-0.369,2.755
2.428,-0.333,2.832
2.440,-0.316,2.921
2.445,-0.358,2.984
2.385,-0.353,2.963
2.367,-0.303,2.965
2.424,-0.232,3.012
2.408,-0.153,2.987
2.396,-0.089,2.937
2.314,-0.021,2.816
2.145,0.080,2.602
1.891,0.173,2.354
1.765,0.217,2.184
1.773,0.182,2.114
1.889,0.099,2.118
1.897,0.050,1.981
1.824,0.051,1.780
1.782,0.060,1.609
1.844,0.044,1.555
1.899,0.011,1.483
1.967,-0.032,1.413
2.092,-0.074,1.400
2.176,-0.111,1.394
2.226,-0.150,1.385
2.257,-0.193,1.362
2.281,-0.229,1.345
2.276,-0.258,1.329
2.168,-0.279,1.265
2.023,-0.309,1.240
1.879,-0.358,1.198
1.775,-0.415,1.157
1.666,-0.439,1.066
1.540,-0.423,0.972
1.447,-0.399,0.908
1.405,-0.375,0.885
1.380,-0.352,0.878
1.326,-0.325,0.856
1.243,-0.288,0.824
1.145,-0.240,0.785
1.112,-0.193,0.801
1.125,-0.162,0.850
1.162,-0.147,0.915
1.180,-0.135,0.969
1.101,-0.119,0.936
0.995,-0.092,0.882
0.895,-0.070,0.836
0.801,-0.054,0.784
0.695,-0.041,0.719
0.641,-0.034,0.683
0.623,-0.031,0.669
0.590,-0.025,0.638
0.558,-0.022,0.602
0.572,-0.027,0.614
0.598,-0.045,0.638
0.620,-0.071,0.649
0.629,-0.091,0.637
0.632,-0.101,0.635
0.634,-0.101,0.650
0.634,-0.101,0.665
0.658,-0.102,0.696
0.697,-0.106,0.733
0.708,-0.109,0.739
0.685,-0.112,0.718
0.686,-0.113,0.722
0.736,-0.116,0.773
0.778,-0.123,0.829
0.763,-0.127,0.830
0.729,-0.120,0.793
0.712,-0.106,0.764
0.697,-0.095,0.732
0.677,-0.083,0.685
0.677,-0.069,0.653
0.723,-0.061,0.658
0.767,-0.057,0.665
0.799,-0.056,0.667
0.807,-0.053,0.650
0.828,-0.047,0.643
0.960,-0.052,0.732
1.074,-0.069,0.794
1.101,-0.090,0.791
1.083,-0.106,0.749
1.077,-0.109,0.726
1.076,-0.099,0.725
1.053,-0.087,0.715
1.036,-0.076,0.709
1.014,-0.066,0.697
0.983,-0.064,0.678
0.962,-0.073,0.659
0.949,-0.088,0.645
0.938,-0.106,0.639
0.933,-0.122,0.639
0.936,-0.134,0.651
0.940,-0.144,0.664
0.916,-0.151,0.654
0.867,-0.151,0.624
0.822,-0.150,0.595
0.805,-0.151,0.582
0.795,-0.151,0.572
0.783,-0.148,0.560
0.773,-0.142,0.550
0.772,-0.137,0.545
0.781,-0.134,0.548
0.788,-0.129,0.549
0.787,-0.125,0.547
0.780,-0.120,0.540
0.787,-0.115,0.543
0.797,-0.112,0.546
0.803,-0.110,0.546
0.812,-0.110,0.546
0.824,-0.110,0.547
0.834,-0.108,0.546
0.856,-0.107,0.551
0.869,-0.109,0.554
0.882,-0.111,0.557
0.889,-0.106,0.559
0.889,-0.108,0.555
0.896,-0.112,0.554
0.905,-0.120,0.555
0.912,-0.125,0.559
0.916,-0.129,0.563
0.917,-0.132,0.562
0.915,-0.133,0.556
0.912,-0.133,0.550
0.912,-0.133,0.548
0.917,-0.134,0.549
0.920,-0.135,0.549
0.917,-0.137,0.548
0.910,-0.137,0.545
0.900,-0.136,0.541
0.884,-0.134,0.536
0.869,-0.131,0.531
0.857,-0.127,0.528
0.852,-0.125,0.528
0.847,-0.124,0.528
0.847,-0.124,0.530
0.845,-0.123,0.530
0.842,-0.123,0.529
0.840,-0.123,0.529
0.840,-0.124,0.529
0.840,-0.122,0.530
0.835,-0.121,0.527
0.831,-0.118,0.525
0.833,-0.118,0.525
0.836,-0.118,0.526
0.834,-0.117,0.524
0.831,-0.118,0.525
0.837,-0.118,0.528
0.852,-0.118,0.535
0.865,-0.115,0.541
0.867,-0.111,0.542
0.867,-0.111,0.544
0.870,-0.112,0.549
0.869,-0.110,0.551
0.868,-0.106,0.549
0.872,-0.104,0.550
0.879,-0.105,0.553
0.877,-0.107,0.553
0.869,-0.108,0.549
0.865,-0.108,0.547
0.866,-0.110,0.546
0.867,-0.111,0.544
0.874,-0.113,0.549
0.878,-0.114,0.555
0.862,-0.110,0.549
0.829,-0.102,0.532
0.794,-0.092,0.509
0.768,-0.075,0.480
0.796,-0.058,0.480
0.863,-0.051,0.483
0.935,-0.062,0.479
0.942,-0.066,0.477
0.942,-0.066,0.477
0.942,-0.066,0.477
0.942,-0.066,0.477
0.953,-0.073,0.488
0.953,-0.073,0.488
0.953,-0.073,0.488
0.953,-0.073,0.488
0.954,-0.079,0.505
0.954,-0.079,0.505
0.954,-0.079,0.505
0.954,-0.079,0.505
0.936,-0.081,0.508
0.936,-0.081,0.508
0.936,-0.081,0.508
0.914,-0.081,0.506
0.914,-0.081,0.506
0.914,-0.081,0.506
0.914,-0.081,0.506
0.913,-0.081,0.513
0.913,-0.081,0.513
0.913,-0.081,0.513
0.913,-0.081,0.513
0.934,-0.084,0.525
0.934,-0.084,0.525
0.934,-0.084,0.525
0.934,-0.084,0.525
0.949,-0.087,0.533
0.949,-0.087,0.533
0.949,-0.087,0.533
0.949,-0.087,0.533
0.953,-0.087,0.535
0.953,-0.087,0.535
0.953,-0.087,0.535
0.953,-0.087,0.535
0.950,-0.085,0.529
0.950,-0.085,0.529
0.950,-0.085,0.529
0.943,-0.086,0.526
0.943,-0.086,0.526
0.943,-0.086,0.526
0.943,-0.086,0.526
0.935,-0.087,0.523
0.935,-0.087,0.523
0.935,-0.087,0.523
0.935,-0.087,0.523
0.930,-0.088,0.521
0.930,-0.088,0.521
0.930,-0.088,0.521
0.930,-0.088,0.521
0.932,-0.095,0.520
0.932,-0.095,0.520
0.932,-0.095,0.520
0.932,-0.095,0.520
0.932,-0.113,0.518
0.932,-0.113,0.518
0.932,-0.113,0.518
0.932,-0.113,0.518
0.928,-0.127,0.522
0.928,-0.127,0.522
0.928,-0.127,0.522
0.928,-0.127,0.522
0.931,-0.124,0.526
0.931,-0.124,0.526
0.931,-0.124,0.526
0.932,-0.109,0.518
0.932,-0.109,0.518
0.932,-0.109,0.518
0.932,-0.109,0.518
0.928,-0.088,0.505
0.928,-0.088,0.505
0.928,-0.088,0.505
0.928,-0.088,0.505
0.935,-0.067,0.497
0.935,-0.067,0.497
0.935,-0.067,0.497
0.935,-0.067,0.497
0.942,-0.049,0.497
0.942,-0.049,0.497
0.942,-0.049,0.497
0.942,-0.049,0.497
0.930,-0.038,0.501
0.930,-0.038,0.501
0.930,-0.038,0.501
0.930,-0.038,0.501
0.911,-0.030,0.515
0.911,-0.030,0.515
0.911,-0.030,0.515
0.911,-0.030,0.515
0.899,-0.025,0.537
0.899,-0.025,0.537
0.899,-0.025,0.537
0.885,-0.023,0.552
0.885,-0.023,0.552
0.885,-0.023,0.552
0.885,-0.023,0.552
0.869,-0.021,0.561
0.869,-0.021,0.561
0.869,-0.021,0.561
0.869,-0.021,0.561
0.854,-0.020,0.571
0.854,-0.020,0.571
0.854,-0.020,0.571
0.854,-0.020,0.571
0.836,-0.016,0.583
0.836,-0.016,0.583
0.836,-0.016,0.583
0.836,-0.016,0.583
0.824,-0.009,0.601
0.824,-0.009,0.601
0.824,-0.009,0.601
0.824,-0.009,0.601
0.814,-0.005,0.621
0.814,-0.005,0.621
0.814,-0.005,0.621
0.814,-0.005,0.621
0.803,-0.003,0.629
0.803,-0.003,0.629
0.803,-0.003,0.629
0.796,-0.001,0.639
0.796,-0.001,0.639
0.796,-0.001,0.639
0.796,-0.001,0.639
0.787,0.003,0.649
0.787,0.003,0.649
0.787,0.003,0.649
0.787,0.003,0.649
0.779,0.010,0.658
0.779,0.010,0.658
0.779,0.010,0.658
0.779,0.010,0.658
0.780,0.017,0.664
0.780,0.017,0.664
0.780,0.017,0.664
0.780,0.017,0.664
0.772,0.023,0.663
0.772,0.023,0.663
0.772,0.023,0.663
0.772,0.023,0.663
0.750,0.026,0.660
0.750,0.026,0.660
0.750,0.026,0.660
0.750,0.026,0.660
0.742,0.029,0.676
0.742,0.029,0.676
0.742,0.029,0.676
0.745,0.031,0.694
0.745,0.031,0.694
0.745,0.031,0.694
0.745,0.031,0.694
0.734,0.030,0.694
0.734,0.030,0.694
0.734,0.030,0.694
0.734,0.030,0.694
0.718,0.027,0.690
0.718,0.027,0.690
0.718,0.027,0.690
0.718,0.027,0.690
0.711,0.025,0.691
0.711,0.025,0.691
0.711,0.025,0.691
0.711,0.025,0.691
0.709,0.022,0.694
0.709,0.022,0.694
0.709,0.022,0.694
0.709,0.022,0.694
0.706,0.017,0.690
0.706,0.017,0.690
0.706,0.017,0.690
0.717,0.011,0.682
0.717,0.011,0.682
0.717,0.011,0.682
0.717,0.011,0.682
0.733,0.012,0.670
0.733,0.012,0.670
0.733,0.012,0.670
0.733,0.012,0.670
0.739,0.020,0.661
0.739,0.020,0.661
0.739,0.020,0.661
0.739,0.020,0.661
0.736,0.028,0.657
0.736,0.028,0.657
0.736,0.028,0.657
0.736,0.028,0.657
0.729,0.035,0.669
0.729,0.035,0.669
0.729,0.035,0.669
0.729,0.035,0.669
0.721,0.037,0.688
0.721,0.037,0.688
0.721,0.037,0.688
0.721,0.037,0.688
0.714,0.032,0.696
0.714,0.032,0.696
0.714,0.032,0.696
0.712,0.023,0.700
0.712,0.023,0.700
0.712,0.023,0.700
0.712,0.023,0.700
0.709,0.015,0.703
0.709,0.015,0.703
0.709,0.015,0.703
0.709,0.015,0.703
0.706,0.007,0.701
0.706,0.007,0.701
0.706,0.007,0.701
0.706,0.007,0.701
0.706,0.006,0.698
0.706,0.006,0.698
0.706,0.006,0.698
0.706,0.006,0.698
0.700,0.024,0.705
0.700,0.024,0.705
0.700,0.024,0.705
0.700,0.024,0.705
0.694,0.042,0.705
0.694,0.042,0.705
0.694,0.042,0.705
0.694,0.042,0.705
0.699,0.038,0.691
0.699,0.038,0.691
0.699,0.038,0.691
0.715,0.020,0.679
0.715,0.020,0.679
0.715,0.020,0.679
0.715,0.020,0.679
0.728,-0.003,0.665
0.728,-0.003,0.665
0.728,-0.003,0.665
0.728,-0.003,0.665
0.732,-0.014,0.654
0.732,-0.014,0.654
0.732,-0.014,0.654
0.732,-0.014,0.654
0.739,0.004,0.648
0.739,0.004,0.648
0.739,0.004,0.648
0.739,0.004,0.648
0.755,0.020,0.639
0.755,0.020,0.639
0.755,0.020,0.639
0.755,0.020,0.639
0.768,0.005,0.620
0.768,0.005,0.620
0.768,0.005,0.620
0.768,0.005,0.620
0.771,-0.023,0.590
0.771,-0.023,0.590
0.771,-0.023,0.590
0.779,-0.041,0.570
0.779,-0.041,0.570
0.779,-0.041,0.570
0.779,-0.041,0.570
0.786,-0.047,0.568
0.786,-0.047,0.568
0.786,-0.047,0.568
0.786,-0.047,0.568
0.792,-0.048,0.565
0.792,-0.048,0.565
0.792,-0.048,0.565
0.792,-0.048,0.565
0.809,-0.040,0.553
0.809,-0.040,0.553
0.809,-0.040,0.553
0.809,-0.040,0.553
0.831,-0.022,0.531
0.831,-0.022,0.531
0.831,-0.022,0.531
0.831,-0.022,0.531
0.836,-0.023,0.521
0.836,-0.023,0.521
0.836,-0.023,0.521
0.843,-0.031,0.501
0.843,-0.031,0.501
0.843,-0.031,0.501
0.843,-0.031,0.501
0.861,-0.025,0.472
0.861,-0.025,0.472
0.861,-0.025,0.472
0.861,-0.025,0.472
0.890,-0.033,0.464
0.890,-0.033,0.464
0.890,-0.033,0.464
0.890,-0.033,0.464
0.914,-0.043,0.464
0.914,-0.043,0.464
0.914,-0.043,0.464
0.914,-0.043,0.464
0.906,-0.040,0.470
0.906,-0.040,0.470
0.906,-0.040,0.470
0.906,-0.040,0.470
0.897,-0.023,0.469
0.897,-0.023,0.469
0.897,-0.023,0.469
0.897,-0.023,0.469
0.896,-0.009,0.459
0.896,-0.009,0.459
0.896,-0.009,0.459
0.895,0.002,0.462
0.895,0.002,0.462
0.895,0.002,0.462
0.895,0.002,0.462
0.886,0.027,0.466
0.886,0.027,0.466
0.886,0.027,0.466
0.886,0.027,0.466
0.867,0.063,0.466
0.867,0.063,0.466
0.867,0.063,0.466
0.867,0.063,0.466
0.855,0.112,0.473
0.855,0.112,0.473
0.855,0.112,0.473
0.855,0.112,0.473
0.852,0.167,0.487
0.852,0.167,0.487
0.852,0.167,0.487
0.852,0.167,0.487
0.841,0.213,0.503
0.841,0.213,0.503
0.841,0.213,0.503
0.841,0.213,0.503
0.815,0.250,0.517
0.815,0.250,0.517
0.815,0.250,0.517
0.781,0.273,0.525
0.781,0.273,0.525
0.781,0.273,0.525
0.781,0.273,0.525
0.753,0.277,0.526
0.753,0.277,0.526
0.753,0.277,0.526
0.753,0.277,0.526
0.721,0.273,0.535
0.721,0.273,0.535
0.721,0.273,0.535
0.721,0.273,0.535
0.690,0.271,0.548
0.690,0.271,0.548
0.690,0.271,0.548
0.690,0.271,0.548
0.671,0.269,0.557
0.671,0.269,0.557
0.671,0.269,0.557
0.671,0.269,0.557
0.656,0.267,0.568
0.656,0.267,0.568
0.656,0.267,0.568
0.656,0.267,0.568
0.646,0.272,0.579
0.646,0.272,0.579
0.646,0.272,0.579
0.638,0.283,0.589
0.638,0.283,0.589
0.638,0.283,0.589
0.638,0.283,0.589
0.624,0.289,0.603
0.624,0.289,0.603
0.624,0.289,0.603
0.624,0.289,0.603
0.615,0.296,0.613
0.615,0.296,0.613
0.615,0.296,0.613
0.615,0.296,0.613
0.621,0.301,0.609
0.621,0.301,0.609
0.621,0.301,0.609
0.621,0.301,0.609
0.627,0.300,0.601
0.627,0.300,0.601
0.627,0.300,0.601
0.627,0.300,0.601
0.627,0.298,0.608
0.627,0.298,0.608
0.627,0.298,0.608
0.625,0.297,0.615
0.625,0.297,0.615
0.625,0.297,0.615
0.625,0.297,0.615
0.632,0.300,0.628
0.632,0.300,0.628
0.632,0.300,0.628
0.632,0.300,0.628
0.632,0.305,0.649
0.632,0.305,0.649
0.632,0.305,0.649
0.632,0.305,0.649
0.612,0.310,0.662
0.612,0.310,0.662
0.612,0.310,0.662
0.612,0.310,0.662
0.583,0.315,0.682
0.583,0.315,0.682
0.583,0.315,0.682
0.583,0.315,0.682
0.563,0.323,0.702
0.563,0.323,0.702
0.563,0.323,0.702
0.563,0.323,0.702
0.552,0.330,0.712
0.552,0.330,0.712
0.552,0.330,0.712
0.536,0.337,0.717
0.536,0.337,0.717
0.536,0.337,0.717
0.536,0.337,0.717
0.522,0.348,0.719
0.522,0.348,0.719
0.522,0.348,0.719
0.522,0.348,0.719
0.510,0.360,0.725
0.510,0.360,0.725
0.510,0.360,0.725
0.510,0.360,0.725
0.496,0.370,0.730
0.496,0.370,0.730
0.496,0.370,0.730
0.496,0.370,0.730
0.490,0.379,0.732
0.490,0.379,0.732
0.490,0.379,0.732
0.490,0.379,0.732
0.495,0.386,0.736
0.495,0.386,0.736
0.495,0.386,0.736
0.495,0.386,0.736
0.494,0.389,0.736
0.494,0.389,0.736
0.494,0.389,0.736
0.487,0.392,0.735
0.487,0.392,0.735
0.487,0.392,0.735
0.487,0.392,0.735
0.483,0.397,0.742
0.483,0.397,0.742
0.483,0.397,0.742
0.483,0.397,0.742
0.486,0.405,0.748
0.486,0.405,0.748
0.486,0.405,0.748
0.486,0.405,0.748
0.481,0.408,0.761
0.481,0.408,0.761
0.481,0.408,0.761
0.481,0.408,0.761
0.461,0.396,0.780
0.461,0.396,0.780
0.461,0.396,0.780
0.461,0.396,0.780
0.437,0.374,0.791
0.437,0.374,0.791
0.437,0.374,0.791
0.437,0.374,0.791
0.424,0.349,0.805
0.424,0.349,0.805
0.424,0.349,0.805
0.421,0.325,0.823
0.421,0.325,0.823
0.421,0.325,0.823
0.421,0.325,0.823
0.424,0.303,0.836
0.424,0.303,0.836
0.424,0.303,0.836
0.424,0.303,0.836
0.425,0.281,0.844
0.425,0.281,0.844
0.425,0.281,0.844
0.425,0.281,0.844
0.414,0.257,0.851
0.414,0.257,0.851
0.414,0.257,0.851
0.414,0.257,0.851
0.397,0.229,0.857
0.397,0.229,0.857
0.397,0.229,0.857
0.397,0.229,0.857
0.377,0.199,0.865
0.377,0.199,0.865
0.377,0.199,0.865
0.377,0.199,0.865
0.351,0.170,0.874
0.351,0.170,0.874
0.351,0.170,0.874
0.324,0.141,0.880
0.324,0.141,0.880
0.324,0.141,0.880
0.324,0.141,0.880
0.301,0.114,0.885
0.301,0.114,0.885
0.301,0.114,0.885
0.301,0.114,0.885
0.286,0.088,0.888
0.286,0.088,0.888
0.286,0.088,0.888
0.286,0.088,0.888
0.276,0.063,0.889
0.276,0.063,0.889
0.276,0.063,0.889
0.276,0.063,0.889
0.270,0.040,0.888
0.270,0.040,0.888
0.270,0.040,0.888
0.270,0.040,0.888
0.266,0.019,0.888
0.266,0.019,0.888
0.266,0.019,0.888
0.259,0.000,0.890
0.259,0.000,0.890
0.259,0.000,0.890
0.259,0.000,0.890
0.246,-0.019,0.891
0.246,-0.019,0.891
0.246,-0.019,0.891
0.246,-0.019,0.891
0.230,-0.041,0.890
0.230,-0.041,0.890
0.230,-0.041,0.890
0.230,-0.041,0.890
0.209,-0.064,0.888
0.209,-0.064,0.888
0.209,-0.064,0.888
0.209,-0.064,0.888
0.189,-0.086,0.889
0.189,-0.086,0.889
0.189,-0.086,0.889
0.189,-0.086,0.889
0.174,-0.108,0.893
0.174,-0.108,0.893
0.174,-0.108,0.893
0.174,-0.108,0.893
0.165,-0.130,0.897
0.165,-0.130,0.897
0.165,-0.130,0.897
0.160,-0.140,0.901
0.160,-0.140,0.901
0.160,-0.140,0.901
0.160,-0.140,0.901
0.160,-0.144,0.905
0.160,-0.144,0.905
0.160,-0.144,0.905
0.160,-0.144,0.905
0.154,-0.157,0.911
0.154,-0.157,0.911
0.154,-0.157,0.911
0.154,-0.157,0.911
0.154,-0.171,0.915
0.154,-0.171,0.915
0.154,-0.171,0.915
0.154,-0.171,0.915
0.161,-0.186,0.914
0.161,-0.186,0.914
0.161,-0.186,0.914
0.161,-0.186,0.914
0.166,-0.205,0.908
0.166,-0.205,0.908
0.166,-0.205,0.908
0.166,-0.205,0.908
0.177,-0.220,0.908
0.177,-0.220,0.908
0.177,-0.220,0.908
0.180,-0.226,0.907
0.180,-0.226,0.907
0.180,-0.226,0.907
0.180,-0.226,0.907
0.178,-0.234,0.907
0.178,-0.234,0.907
0.178,-0.234,0.907
0.178,-0.234,0.907
0.169,-0.241,0.910
0.169,-0.241,0.910
0.169,-0.241,0.910
0.169,-0.241,0.910
0.157,-0.250,0.905
0.157,-0.250,0.905
0.157,-0.250,0.905
0.157,-0.250,0.905
0.141,-0.261,0.903
0.141,-0.261,0.903
0.141,-0.261,0.903
0.141,-0.261,0.903
0.120,-0.272,0.909
0.120,-0.272,0.909
0.120,-0.272,0.909
0.120,-0.272,0.909
0.102,-0.280,0.919
0.102,-0.280,0.919
0.102,-0.280,0.919
0.094,-0.285,0.923
0.094,-0.285,0.923
0.094,-0.285,0.923
0.094,-0.285,0.923
0.088,-0.290,0.921
0.088,-0.290,0.921
0.088,-0.290,0.921
0.088,-0.290,0.921
0.083,-0.295,0.919
0.083,-0.295,0.919
0.083,-0.295,0.919
0.083,-0.295,0.919
0.082,-0.304,0.915
0.082,-0.304,0.915
0.082,-0.304,0.915
0.082,-0.304,0.915
0.078,-0.315,0.905
0.078,-0.315,0.905
0.078,-0.315,0.905
0.078,-0.315,0.905
0.060,-0.321,0.907
0.060,-0.321,0.907
0.060,-0.321,0.907
0.050,-0.322,0.913
0.050,-0.322,0.913
0.050,-0.322,0.913
0.050,-0.322,0.913
0.052,-0.317,0.919
0.052,-0.317,0.919
0.052,-0.317,0.919
0.052,-0.317,0.919
0.050,-0.306,0.928
0.050,-0.306,0.928
0.050,-0.306,0.928
0.050,-0.306,0.928
0.046,-0.299,0.926
0.046,-0.299,0.926
0.046,-0.299,0.926
0.046,-0.299,0.926
0.042,-0.292,0.926
0.042,-0.292,0.926
0.042,-0.292,0.926
0.042,-0.292,0.926
0.040,-0.283,0.938
0.040,-0.283,0.938
0.040,-0.283,0.938
0.040,-0.283,0.938
0.040,-0.274,0.951
0.040,-0.274,0.951
0.040,-0.274,0.951
0.038,-0.267,0.954
0.038,-0.267,0.954
0.038,-0.267,0.954
0.038,-0.267,0.954
0.039,-0.262,0.948
0.039,-0.262,0.948
0.039,-0.262,0.948
0.039,-0.262,0.948
0.051,-0.258,0.939
0.051,-0.258,0.939
0.051,-0.258,0.939
0.051,-0.258,0.939
0.068,-0.257,0.930
0.068,-0.257,0.930
0.068,-0.257,0.930
0.068,-0.257,0.930
0.089,-0.266,0.919
0.089,-0.266,0.919
0.089,-0.266,0.919
0.089,-0.266,0.919
0.120,-0.271,0.926
0.120,-0.271,0.926
0.120,-0.271,0.926
0.120,-0.271,0.926
0.148,-0.256,0.943
0.148,-0.256,0.943
0.148,-0.256,0.943
0.163,-0.242,0.948
0.163,-0.242,0.948
0.163,-0.242,0.948
0.163,-0.242,0.948
0.172,-0.236,0.943
0.172,-0.236,0.943
0.172,-0.236,0.943
0.172,-0.236,0.943
0.181,-0.229,0.935
0.181,-0.229,0.935
0.181,-0.229,0.935
0.181,-0.229,0.935
0.194,-0.223,0.923
0.194,-0.223,0.923
0.194,-0.223,0.923
0.194,-0.223,0.923
0.208,-0.217,0.915
0.208,-0.217,0.915
0.208,-0.217,0.915
0.208,-0.217,0.915
0.219,-0.215,0.921
0.219,-0.215,0.921
0.219,-0.215,0.921
0.219,-0.215,0.921
0.226,-0.211,0.936
0.226,-0.211,0.936
0.226,-0.211,0.936
0.232,-0.206,0.943
0.232,-0.206,0.943
0.232,-0.206,0.943
0.232,-0.206,0.943
0.238,-0.204,0.940
0.238,-0.204,0.940
0.238,-0.204,0.940
0.238,-0.204,0.940
0.243,-0.205,0.933
0.243,-0.205,0.933
0.243,-0.205,0.933
0.243,-0.205,0.933
0.248,-0.208,0.924
0.248,-0.208,0.924
0.248,-0.208,0.924
0.248,-0.208,0.924
0.252,-0.210,0.918
0.252,-0.210,0.918
0.252,-0.210,0.918
0.252,-0.210,0.918
0.257,-0.212,0.918
0.257,-0.212,0.918
0.257,-0.212,0.918
0.257,-0.212,0.918
0.263,-0.209,0.935
0.263,-0.209,0.935
0.263,-0.209,0.935
0.263,-0.201,0.953
0.263,-0.201,0.953
0.263,-0.201,0.953
0.263,-0.201,0.953
0.261,-0.195,0.954
0.261,-0.195,0.954
0.261,-0.195,0.954
0.261,-0.195,0.954
0.260,-0.185,0.942
0.260,-0.185,0.942
0.260,-0.185,0.942
0.260,-0.185,0.942
0.260,-0.181,0.932
0.260,-0.181,0.932
0.260,-0.181,0.932
0.260,-0.181,0.932
0.260,-0.184,0.933
0.260,-0.184,0.933
0.260,-0.184,0.933
0.260,-0.184,0.933
0.259,-0.184,0.933
0.259,-0.184,0.933
0.259,-0.184,0.933
0.261,-0.181,0.941
0.261,-0.181,0.941
0.261,-0.181,0.941
0.261,-0.181,0.941
0.258,-0.176,0.955
0.258,-0.176,0.955
0.258,-0.176,0.955
0.258,-0.176,0.955
0.247,-0.175,0.957
0.247,-0.175,0.957
0.247,-0.175,0.957
0.247,-0.175,0.957
0.237,-0.176,0.949
0.237,-0.176,0.949
0.237,-0.176,0.949
0.237,-0.176,0.949
0.233,-0.178,0.935
0.233,-0.178,0.935
0.233,-0.178,0.935
0.233,-0.178,0.935
0.233,-0.187,0.928
0.233,-0.187,0.928
0.233,-0.187,0.928
0.233,-0.187,0.928
0.236,-0.195,0.931
0.236,-0.195,0.931
0.236,-0.195,0.931
0.234,-0.185,0.944
0.234,-0.185,0.944
0.234,-0.185,0.944
0.234,-0.185,0.944
0.227,-0.166,0.953
0.227,-0.166,0.953
0.227,-0.166,0.953
0.227,0.000,0.000
