code,min.sec,lat,lon,dist,yaw,roll,pitch,yaw_to_goal,motor_left,motor_right,stack,seq,data
9,0.4,0,0,71,-22.5,22.5,0,0,0,0,0,143.6 altNRdy,
9,0.5,0,0,71,-112.5,112.5,22.5,0,0,0,0,143.6 altNRdy,
9,0.6,0,0,71,-112.5,135,-22.5,0,0,0,0,143.7 altNRdy,
9,0.7,0,0,90,-157.5,-90,0,0,0,0,0,143.6 altNRdy,
9,0.4,0,0,71,112.5,22.5,45,0,0,0,0,149.9 altNRdy,
9,0.5,0,0,71,135,-22.5,67.5,0,0,0,0,149.9 altNRdy,
9,0.6,0,0,71,157.5,0,67.5,0,0,0,0,149.9 altNRdy,
9,0.7,0,0,71,180,0,67.5,0,0,0,0,150.0 altNRdy,
9,0.8,0,0,71,22.5,-157.5,90,0,0,0,0,150.1 altNRdy,
9,0.9,0,0,90,-135,67.5,90,0,0,0,0,150.1 altNRdy,
9,0.1,0,0,71,-135,67.5,90,0,0,0,0,150.1 altNRdy,
9,0.11,0,0,71,-45,135,90,0,0,0,0,150.1 altNRdy,
9,0.12,0,0,71,-135,45,90,0,0,0,0,150.1 altNRdy,
9,0.13,0,0,71,-135,45,90,0,0,0,0,150.1 altNRdy,
9,0.15,0,0,90,45,-135,90,0,0,0,0,150.1 altNRdy,
9,0.16,0,0,71,135,-45,67.5,0,0,0,0,150.1 altNRdy,
9,0.17,0,0,71,90,-90,90,0,0,0,0,150.1 altNRdy,
9,0.18,0,0,71,180,0,67.5,0,0,0,0,150.1 altNRdy,
9,0.19,0,0,71,135,-67.5,67.5,0,0,0,0,150.1 altNRdy,
9,0.2,0,0,71,157.5,-22.5,90,0,0,0,0,150.1 altNRdy,
9,0.21,0,0,71,-112.5,67.5,45,0,0,0,0,150.1 altNRdy,
9,0.22,0,0,71,-157.5,22.5,67.5,0,0,0,0,150.1 altNRdy,
9,0.23,0,0,71,180,0,67.5,0,0,0,0,150.1 altNRdy,
9,0.24,0,0,71,157.5,-22.5,67.5,0,0,0,0,150.1 altNRdy,
9,0.25,0,0,71,-180,0,67.5,0,0,0,0,150.1 altNRdy,
9,0.26,0,0,71,-180,0,67.5,0,0,0,0,150.1 altNRdy,
9,0.27,0,0,90,-180,0,67.5,0,0,0,0,150.1 altNRdy,
9,0.28,0,0,71,-157.5,22.5,67.5,0,0,0,0,150.1 altNRdy,
9,0.29,0,0,71,-135,22.5,67.5,0,0,0,0,150.1 altNRdy,
9,0.3,0,0,71,-135,22.5,67.5,0,0,0,0,150.1 altNRdy,
9,0.31,0,0,71,-135,22.5,67.5,0,0,0,0,150.1 altNRdy,
9,0.32,0,0,90,-157.5,-22.5,0,0,0,0,0,150.1 altNRdy,
9,0.33,0,0,42,135,-22.5,0,0,0,0,0,150.1 altNRdy,
9,0.34,0,0,172,67.5,-22.5,22.5,0,0,0,0,150.1 altNRdy,
9,0.35,0,0,158,90,-45,22.5,0,0,0,0,150.1 altNRdy,
9,0.36,0,0,97,90,-45,45,0,0,0,0,150.1 altNRdy,
9,0.37,0,0,196,112.5,-45,45,0,0,0,0,150.1 altNRdy,
9,0.38,0,0,84,112.5,-45,45,0,0,0,0,150.1 altNRdy,
9,0.39,0,0,43,112.5,-67.5,45,0,0,0,0,150.1 altNRdy,
9,0.41,0,0,36,112.5,-67.5,45,0,0,0,0,150.1 altNRdy,
9,0.42,0,0,71,112.5,-45,45,0,0,0,0,150.1 altNRdy,
9,0.43,0,0,71,112.5,-45,45,0,0,0,0,150.1 altNRdy,
9,0.44,0,0,71,135,-45,45,0,0,0,0,150.1 altNRdy,
9,0.45,0,0,71,135,-22.5,45,0,0,0,0,150.1 altNRdy,
9,0.46,0,0,71,180,0,45,0,0,0,0,150.1 altNRdy,
9,0.47,0,0,71,-157.5,22.5,45,0,0,0,0,150.1 altNRdy,
9,0.48,0,0,71,-135,22.5,45,0,0,0,0,150.1 altNRdy,
9,0.49,0,0,71,-135,45,45,0,0,0,0,150.1 altNRdy,
9,0.5,0,0,71,-112.5,45,45,0,0,0,0,150.1 altNRdy,
9,0.51,0,0,71,-112.5,67.5,22.5,0,0,0,0,150.1 altNRdy,
9,0.52,0,0,90,-90,67.5,22.5,0,0,0,0,150.1 altNRdy,
9,0.53,0,0,42,-90,67.5,22.5,0,0,0,0,150.1 altNRdy,
9,0.54,0,0,71,-90,67.5,22.5,0,0,0,0,150.1 altNRdy,
9,0.55,0,0,90,-90,90,22.5,0,0,0,0,150.1 altNRdy,
9,0.56,0,0,71,-90,90,22.5,0,0,0,0,150.1 altNRdy,
9,0.57,0,0,71,-90,90,0,0,0,0,0,150.1 altNRdy,
9,0.58,0,0,90,-90,90,0,0,0,0,0,150.1 altNRdy,
9,0.59,0,0,71,-90,90,0,0,0,0,0,150.1 altNRdy,
9,1,0,0,71,-90,90,0,0,0,0,0,150.1 altNRdy,
9,1.1,0,0,71,-90,67.5,0,0,0,0,0,150.1 altNRdy,
9,1.2,0,0,71,-90,67.5,0,0,0,0,0,150.1 altNRdy,
9,1.3,0,0,71,-90,67.5,0,0,0,0,0,150.1 altNRdy,
9,1.4,0,0,71,-90,90,0,0,0,0,0,150.1 altNRdy,
9,1.5,0,0,71,-90,90,0,0,0,0,0,150.1 altNRdy,
9,1.7,0,0,90,-90,90,0,0,0,0,0,150.1 altNRdy,
9,1.8,0,0,42,-90,90,0,0,0,0,0,150.1 altNRdy,
9,1.9,0,0,71,-90,90,0,0,0,0,0,150.1 altNRdy,
9,1.1,0,0,71,-67.5,90,0,0,0,0,0,150.1 altNRdy,
9,1.11,0,0,71,-67.5,90,0,0,0,0,0,150.1 altNRdy,
9,1.12,0,0,71,-67.5,90,0,0,0,0,0,150.1 altNRdy,
9,1.13,0,0,71,-67.5,90,0,0,0,0,0,150.1 altNRdy,
9,1.14,0,0,71,-67.5,90,0,0,0,0,0,150.1 altNRdy,
9,1.15,0,0,71,-67.5,90,0,0,0,0,0,150.1 altNRdy,
9,1.16,0,0,71,-67.5,90,0,0,0,0,0,150.1 altNRdy,
9,1.17,0,0,71,-67.5,90,0,0,0,0,0,150.1 altNRdy,
9,1.18,0,0,71,-67.5,90,0,0,0,0,0,150.1 altNRdy,
9,1.19,0,0,90,-67.5,90,0,0,0,0,0,150.1 altNRdy,
9,1.2,0,0,71,-67.5,90,0,0,0,0,0,150.1 altNRdy,
9,1.21,0,0,90,-67.5,90,0,0,0,0,0,150.1 altNRdy,
9,1.22,0,0,42,-67.5,90,0,0,0,0,0,150.1 altNRdy,
9,1.23,0,0,172,-67.5,90,0,0,0,0,0,150.1 altNRdy,
9,1.24,0,0,71,-67.5,90,0,0,0,0,0,150.1 altNRdy,
9,1.25,0,0,71,-67.5,90,0,0,0,0,0,150.1 altNRdy,
9,1.26,0,0,71,-67.5,90,0,0,0,0,0,150.1 altNRdy,
9,1.27,0,0,71,-67.5,90,0,0,0,0,0,150.1 altNRdy,
9,1.28,0,0,71,-67.5,90,0,0,0,0,0,150.1 altNRdy,
9,1.29,0,0,71,-67.5,90,0,0,0,0,0,150.1 altNRdy,
9,1.3,0,0,71,-67.5,90,0,0,0,0,0,150.1 altNRdy,
9,1.31,0,0,71,-67.5,90,0,0,0,0,0,150.1 altNRdy,
9,1.33,0,0,90,-67.5,90,0,0,0,0,0,150.1 altNRdy,
9,1.34,0,0,42,-67.5,90,0,0,0,0,0,150.1 altNRdy,
9,1.35,0,0,71,-67.5,90,0,0,0,0,0,150.1 altNRdy,
9,1.36,0,0,71,-67.5,90,0,0,0,0,0,150.1 altNRdy,
9,1.37,0,0,71,-67.5,90,0,0,0,0,0,150.1 altNRdy,
9,1.38,0,0,71,-67.5,90,0,0,0,0,0,150.1 altNRdy,
9,1.39,0,0,71,-67.5,90,0,0,0,0,0,150.1 altNRdy,
9,1.4,0,0,71,-67.5,90,0,0,0,0,0,150.1 altNRdy,
9,1.41,0,0,71,-67.5,90,0,0,0,0,0,150.1 altNRdy,
9,1.42,0,0,71,-67.5,90,0,0,0,0,0,150.1 altNRdy,
9,1.43,0,0,71,-67.5,90,0,0,0,0,0,150.1 altNRdy,
9,1.44,0,0,71,-67.5,90,0,0,0,0,0,150.1 altNRdy,
9,1.45,0,0,71,-67.5,90,0,0,0,0,0,150.1 altNRdy,
9,1.46,0,0,71,-67.5,90,0,0,0,0,0,150.1 altNRdy,
9,1.47,0,0,90,-67.5,90,0,0,0,0,0,150.1 altNRdy,
9,1.48,0,0,42,-67.5,90,0,0,0,0,0,150.1 altNRdy,
9,1.49,0,0,172,-67.5,90,0,0,0,0,0,150.1 altNRdy,
9,1.5,40142202,139987466,11,-67.5,90,0,0,0,0,0,150.1 altNRdy,
9,1.51,40142201,139987467,12,-67.5,90,0,0,0,0,0,150.1 altNRdy,
9,1.52,40142201,139987467,10,-67.5,90,0,0,0,0,0,150.1 altNRdy,
9,1.53,40142199,139987467,12,-67.5,90,0,0,0,0,0,150.1 altNRdy,
9,1.54,40142199,139987467,10,-67.5,90,0,0,0,0,0,150.1 altNRdy,
9,1.55,40142199,139987467,9,-67.5,90,0,0,0,0,0,150.1 altNRdy,
9,1.56,40142199,139987467,9,-67.5,90,0,0,0,0,0,150.1 altNRdy,
9,1.57,40142193,139987481,13,-67.5,90,0,0,0,0,0,150.1 altNRdy,
9,1.59,40142192,139987481,13,-67.5,90,0,0,0,0,0,150.1 altNRdy,
9,2,40142192,139987482,13,-67.5,90,0,0,0,0,0,150.1 altNRdy,
9,2.1,40142192,139987482,11,-67.5,90,0,0,0,0,0,150.1 altNRdy,
9,2.2,40142192,139987482,10,-67.5,90,0,0,0,0,0,150.1 altNRdy,
9,2.3,40142192,139987482,10,-67.5,90,0,0,0,0,0,150.1 altNRdy,
9,2.4,40142192,139987482,9,-67.5,90,0,0,0,0,0,150.1 altNRdy,
9,2.5,40142190,139987485,13,-67.5,90,0,0,0,0,0,150.1 altNRdy,
9,2.6,40142190,139987485,13,-67.5,90,0,0,0,0,0,150.1 altNRdy,
9,2.7,40142191,139987485,13,-67.5,90,0,0,0,0,0,150.1 altNRdy,
9,2.8,40142191,139987485,13,-67.5,90,0,0,0,0,0,150.1 altNRdy,
9,2.9,40142191,139987485,13,-67.5,90,0,0,0,0,0,150.1 altNRdy,
9,2.1,40142191,139987486,13,-67.5,90,0,0,0,0,0,150.1 altNRdy,
9,2.11,40142192,139987486,13,-67.5,90,0,0,0,0,0,150.1 altNRdy,
9,2.12,40142192,139987486,13,-67.5,90,0,0,0,0,0,150.1 altNRdy,
9,2.13,40142193,139987486,13,-67.5,90,0,0,0,0,0,150.1 altNRdy,
9,2.14,40142193,139987486,13,-67.5,90,0,0,0,0,0,150.1 altNRdy,
9,2.15,40142193,139987487,13,-67.5,90,0,0,0,0,0,150.1 altNRdy,
9,2.16,40142193,139987487,12,-67.5,90,0,0,0,0,0,150.1 altNRdy,
9,2.17,40142193,139987487,11,-67.5,90,0,0,0,0,0,150.1 altNRdy,
9,2.18,40142194,139987486,13,-67.5,90,0,0,0,0,0,150.1 altNRdy,
9,2.19,40142194,139987486,13,-67.5,90,0,0,0,0,0,150.1 altNRdy,
9,2.2,40142194,139987486,13,-67.5,90,0,0,0,0,0,150.1 altNRdy,
9,2.21,40142195,139987486,13,-67.5,90,0,0,0,0,0,150.1 altNRdy,
9,2.22,40142195,139987486,13,-67.5,90,0,0,0,0,0,150.1 altNRdy,
9,2.23,40142195,139987486,11,-67.5,90,0,0,0,0,0,150.1 altNRdy,
9,2.25,40142195,139987486,11,-67.5,90,0,0,0,0,0,150.1 altNRdy,
9,2.26,40142196,139987486,13,-67.5,90,0,0,0,0,0,150.1 altNRdy,
9,2.27,40142196,139987486,13,-67.5,90,0,0,0,0,0,150.1 altNRdy,
9,2.28,40142196,139987486,11,-67.5,90,0,0,0,0,0,150.1 altNRdy,
9,2.29,40142196,139987486,11,-67.5,90,0,0,0,0,0,151.2 c5 Rise,
9,2.3,40142196,139987486,10,-67.5,90,0,0,0,0,0,151.2 c5 Rise,
9,2.31,40142175,139987438,13,-67.5,90,0,0,0,0,0,151.2 c5 Rise,
9,2.32,40142180,139987430,12,-67.5,90,0,0,0,0,0,151.2 c5 Rise,
9,2.33,40142188,139987423,11,-67.5,90,0,0,0,0,0,151.2 c5 Rise,
9,2.34,40142194,139987412,10,-67.5,90,0,0,0,0,0,151.2 c5 Rise,
9,2.35,40142202,139987398,9,-67.5,90,0,0,0,0,0,151.2 c5 Rise,
9,2.36,40142213,139987379,8,-67.5,90,0,0,0,0,0,151.2 c5 Rise,
9,2.37,40142213,139987379,6,-67.5,90,0,0,0,0,0,151.2 c5 Rise,
9,2.38,40142242,139987337,6,-67.5,90,0,0,0,0,0,151.2 c5 Rise,
9,2.39,40142242,139987337,5,-67.5,90,0,0,0,0,0,151.2 c5 Rise,
9,2.4,40142270,139987299,8,-67.5,90,0,0,0,0,0,151.2 c5 Rise,
9,2.41,40142286,139987279,9,-67.5,90,0,0,0,0,0,151.2 c5 Rise,
9,2.42,40142286,139987279,9,-67.5,90,0,0,0,0,0,151.2 c5 Rise,
9,2.43,40142286,139987279,9,-67.5,90,0,0,0,0,0,151.2 c5 Rise,
9,2.44,40142286,139987279,9,-67.5,90,0,0,0,0,0,151.2 c5 Rise,
9,2.45,40142286,139987279,9,-67.5,90,0,0,0,0,0,151.2 c5 Rise,
9,2.46,40142364,139987208,18,-67.5,90,0,0,0,0,0,151.2 c5 Rise,
9,2.47,40142379,139987194,20,-67.5,90,0,0,0,0,0,151.2 c5 Rise,
9,2.48,40142379,139987194,19,-67.5,90,0,0,0,0,0,151.2 c5 Rise,
9,2.49,40142379,139987194,18,-67.5,90,0,0,0,0,0,151.2 c5 Rise,
9,2.51,40142379,139987194,18,-67.5,90,0,0,0,0,0,151.2 c5 Rise,
9,2.52,40142379,139987194,17,-67.5,90,0,0,0,0,0,151.2 c5 Rise,
9,2.53,40142379,139987194,17,-67.5,90,0,0,0,0,0,151.2 c5 Rise,
9,2.54,40142379,139987194,17,-67.5,90,0,0,0,0,0,151.2 c5 Rise,
9,2.55,40142379,139987194,17,-67.5,90,0,0,0,0,0,151.2 c5 Rise,
9,2.56,40142379,139987194,16,-67.5,90,0,0,0,0,0,151.2 c5 Rise,
9,2.57,40142379,139987194,16,-67.5,90,0,0,0,0,0,151.2 c5 Rise,
9,2.58,40142379,139987194,17,-67.5,90,0,0,0,0,0,151.2 c5 Rise,
9,2.59,40142491,139987092,33,-67.5,90,0,0,0,0,0,151.2 c5 Rise,
9,3,40142491,139987092,31,-67.5,90,0,0,0,0,0,151.2 c5 Rise,
9,3.1,40142491,139987092,30,-67.5,90,0,0,0,0,0,151.2 c5 Rise,
9,3.2,40142491,139987092,29,-67.5,90,0,0,0,0,0,151.2 c5 Rise,
9,3.3,40142491,139987092,28,-67.5,90,0,0,0,0,0,151.2 c5 Rise,
9,3.4,40142491,139987092,27,-67.5,90,0,0,0,0,0,151.2 c5 Rise,
9,3.5,40142491,139987092,27,-67.5,90,0,0,0,0,0,151.2 c5 Rise,
9,3.6,40142491,139987092,26,-67.5,90,0,0,0,0,0,151.2 c5 Rise,
9,3.7,40142478,139987017,39,-67.5,90,0,0,0,0,0,151.2 c5 Rise,
9,3.8,40142478,139986988,41,-67.5,90,0,0,0,0,0,151.2 c5 Rise,
9,3.9,40142478,139986988,40,-67.5,90,0,0,0,0,0,151.2 c5 Rise,
9,3.1,40142478,139986988,38,-67.5,90,0,0,0,0,0,151.2 c5 Rise,
9,3.11,40142478,139986988,37,-67.5,90,0,0,0,0,0,151.2 c5 Rise,
9,3.12,40142486,139986939,46,-67.5,90,0,0,0,0,0,151.2 c5 Rise,
9,3.13,40142486,139986932,47,-67.5,90,0,0,0,0,0,151.2 c5 Rise,
9,3.14,40142480,139986929,47,-67.5,90,0,0,0,0,0,151.2 c5 Rise,
9,3.15,40142471,139986926,46,-67.5,90,0,0,0,0,0,151.2 c5 Rise,
9,3.17,40142471,139986926,45,-67.5,90,0,0,0,0,0,151.2 c5 Rise,
9,3.18,40142453,139986926,46,-67.5,90,0,0,0,0,0,151.2 c5 Rise,
9,3.19,40142453,139986926,44,-67.5,90,0,0,0,0,0,151.2 c5 Rise,
9,3.2,40142453,139986926,43,-67.5,90,0,0,0,0,0,151.2 c5 Rise,
9,3.21,40142453,139986926,42,-67.5,90,0,0,0,0,0,151.2 c5 Rise,
9,3.22,40142453,139986926,41,-67.5,90,0,0,0,0,0,151.2 c5 Rise,
9,3.23,40142453,139986926,41,-67.5,90,0,0,0,0,0,151.2 c5 Rise,
9,3.24,40142453,139986926,40,-67.5,90,0,0,0,0,0,151.2 c5 Rise,
9,3.25,40142453,139986926,40,-67.5,90,0,0,0,0,0,151.2 c5 Rise,
9,3.26,40142453,139986926,40,-67.5,90,0,0,0,0,0,151.2 c5 Rise,
9,3.27,40142428,139986944,43,-90,90,0,0,0,0,0,151.2 c5 Rise,
9,3.28,40142426,139986945,43,-135,90,0,0,0,0,0,151.2 c5 Rise,
9,3.29,40142426,139986945,42,45,90,-22.5,0,0,0,0,199.8 c5 Fall,
9,3.3,40142414,139986895,46,-67.5,90,-22.5,0,0,0,0,199.8 c5 Fall,
9,3.31,40142414,139986895,45,-157.5,90,0,0,0,0,0,199.8 c5 Fall,
9,3.32,40142414,139986895,45,90,67.5,0,0,0,0,0,199.8 c5 Fall,
9,3.33,40142334,139986941,39,22.5,67.5,-22.5,0,0,0,0,199.8 c5 Fall,
9,0.4,40142530,139987139,33,-90,90,0,0,0,0,0,149.2 altNRdy,
9,0.5,40142530,139987139,29,-112.5,90,22.5,0,0,0,0,149.1 altNRdy,
9,0.6,40142530,139987139,27,-112.5,90,22.5,0,0,0,0,149.1 altNRdy,
9,0.7,40142530,139987139,26,-112.5,90,22.5,0,0,0,0,149.1 altNRdy,
9,0.8,40142530,139987139,25,-135,90,22.5,0,0,0,0,149.1 altNRdy,
9,0.9,40142530,139987139,24,-112.5,90,22.5,0,0,0,0,149.1 altNRdy,
9,0.1,40142456,139987199,23,-112.5,90,22.5,0,0,0,0,149.1 altNRdy,
9,0.11,40142447,139987204,22,-112.5,90,22.5,0,0,0,0,149.1 altNRdy,
9,0.12,40142443,139987196,22,-112.5,90,22.5,0,0,0,0,149.1 altNRdy,
9,0.13,40142438,139987190,23,-112.5,90,22.5,0,0,0,0,149.1 altNRdy,
9,0.15,40142435,139987192,22,-112.5,90,22.5,0,0,0,0,149.1 altNRdy,
9,0.16,40142435,139987192,21,-112.5,90,22.5,0,0,0,0,149.1 altNRdy,
9,0.17,40142435,139987192,20,-112.5,90,22.5,0,0,0,0,149.1 altNRdy,
9,0.18,40142416,139987205,20,-112.5,90,22.5,0,0,0,0,149.1 altNRdy,
9,0.19,40142410,139987209,20,-112.5,90,22.5,0,0,0,0,149.1 altNRdy,
9,0.2,40142410,139987209,19,-112.5,90,22.5,0,0,0,0,149.1 altNRdy,
9,0.21,40142399,139987217,19,-112.5,90,22.5,0,0,0,0,149.1 altNRdy,
9,0.22,40142396,139987222,18,-135,90,22.5,0,0,0,0,149.1 altNRdy,
9,0.23,40142392,139987226,17,-135,90,22.5,0,0,0,0,149.1 altNRdy,
9,0.24,40142388,139987229,17,-135,90,22.5,0,0,0,0,149.1 altNRdy,
9,0.25,40142385,139987232,17,-112.5,90,22.5,0,0,0,0,149.1 altNRdy,
9,0.26,40142382,139987235,16,-112.5,90,22.5,0,0,0,0,149.1 altNRdy,
9,0.27,40142379,139987238,16,-112.5,90,22.5,0,0,0,0,149.1 altNRdy,
9,0.28,40142376,139987242,15,-135,90,22.5,0,0,0,0,149.1 altNRdy,
9,0.29,40142374,139987244,15,-112.5,90,22.5,0,0,0,0,149.1 altNRdy,
9,0.3,40142374,139987244,14,-112.5,90,22.5,0,0,0,0,149.1 altNRdy,
9,0.31,40142371,139987247,15,-135,90,22.5,0,0,0,0,149.1 altNRdy,
9,0.32,40142369,139987249,15,-112.5,90,22.5,0,0,0,0,149.1 altNRdy,
9,0.33,40142368,139987250,14,-135,90,22.5,0,0,0,0,149.1 altNRdy,
9,0.34,40142367,139987251,14,-112.5,90,22.5,0,0,0,0,149.1 altNRdy,
9,0.35,40142366,139987252,14,-112.5,90,22.5,0,0,0,0,149.1 altNRdy,
9,0.36,40142365,139987253,14,-135,90,22.5,0,0,0,0,149.1 altNRdy,
9,0.37,40142365,139987253,14,-112.5,90,22.5,0,0,0,0,149.1 altNRdy,
9,0.38,40142364,139987254,14,-112.5,90,22.5,0,0,0,0,149.1 altNRdy,
9,0.39,40142364,139987254,14,-112.5,90,22.5,0,0,0,0,149.1 altNRdy,
9,0.41,40142363,139987254,14,-112.5,90,22.5,0,0,0,0,149.1 altNRdy,
9,0.42,40142363,139987254,13,-135,90,22.5,0,0,0,0,149.1 altNRdy,
9,0.43,40142363,139987254,13,-135,90,22.5,0,0,0,0,149.1 altNRdy,
9,0.44,40142363,139987254,12,-112.5,90,22.5,0,0,0,0,149.1 altNRdy,
9,0.45,40142363,139987254,12,-112.5,90,22.5,0,0,0,0,149.1 altNRdy,
9,0.46,40142362,139987255,14,-112.5,90,22.5,0,0,0,0,149.1 altNRdy,
9,0.47,40142362,139987255,14,-112.5,90,22.5,0,0,0,0,149.1 altNRdy,
9,0.48,40142362,139987255,14,-112.5,90,22.5,0,0,0,0,149.1 altNRdy,
9,0.49,40142362,139987255,14,-112.5,90,22.5,0,0,0,0,149.1 altNRdy,
9,0.5,40142361,139987255,14,-112.5,90,22.5,0,0,0,0,149.1 altNRdy,
9,0.51,40142361,139987255,14,-112.5,90,22.5,0,0,0,0,149.1 altNRdy,
9,0.52,40142361,139987256,14,-135,90,22.5,0,0,0,0,149.1 altNRdy,
9,0.53,40142361,139987256,14,-112.5,90,22.5,0,0,0,0,149.1 altNRdy,
9,0.54,40142361,139987255,14,-112.5,90,22.5,0,0,0,0,149.1 altNRdy,
9,0.55,40142361,139987255,14,-112.5,90,22.5,0,0,0,0,149.1 altNRdy,
9,0.56,40142360,139987255,14,-112.5,90,22.5,0,0,0,0,149.1 altNRdy,
9,0.57,40142360,139987255,13,-112.5,90,22.5,0,0,0,0,149.1 altNRdy,
9,0.58,40142360,139987255,12,-112.5,90,22.5,0,0,0,0,149.1 altNRdy,
9,0.59,40142360,139987255,14,-135,90,22.5,0,0,0,0,149.1 altNRdy,
9,1,40142360,139987255,14,-112.5,90,22.5,0,0,0,0,149.1 altNRdy,
9,1.1,40142360,139987255,14,-135,90,22.5,0,0,0,0,149.1 altNRdy,
9,1.2,40142360,139987255,14,-135,90,22.5,0,0,0,0,149.1 altNRdy,
9,1.3,40142360,139987256,14,-112.5,90,22.5,0,0,0,0,149.1 altNRdy,
9,1.4,40142360,139987256,14,-135,90,22.5,0,0,0,0,149.1 altNRdy,
9,1.5,40142361,139987256,14,-112.5,90,22.5,0,0,0,0,149.1 altNRdy,
9,1.7,40142361,139987256,14,-112.5,90,22.5,0,0,0,0,149.1 altNRdy,
9,1.8,40142361,139987256,14,-135,90,22.5,0,0,0,0,149.1 altNRdy,
9,1.9,40142361,139987256,13,-135,90,22.5,0,0,0,0,149.1 altNRdy,
9,1.1,40142361,139987256,12,-112.5,90,22.5,0,0,0,0,149.1 altNRdy,
9,1.11,40142361,139987256,12,-112.5,90,22.5,0,0,0,0,149.1 altNRdy,
9,1.12,40142361,139987256,12,-112.5,90,22.5,0,0,0,0,149.1 altNRdy,
9,1.13,40142361,139987256,14,-112.5,90,22.5,0,0,0,0,149.1 altNRdy,
9,1.14,40142361,139987256,14,-112.5,90,22.5,0,0,0,0,149.1 altNRdy,
9,1.15,40142361,139987256,14,-112.5,90,22.5,0,0,0,0,149.1 altNRdy,
9,1.16,40142361,139987256,14,-112.5,90,22.5,0,0,0,0,149.1 altNRdy,
9,1.17,40142361,139987256,14,-112.5,90,22.5,0,0,0,0,149.1 altNRdy,
9,1.18,40142361,139987256,14,-112.5,90,22.5,0,0,0,0,149.1 altNRdy,
9,1.19,40142361,139987256,14,-112.5,90,22.5,0,0,0,0,149.1 altNRdy,
9,1.2,40142361,139987256,14,-112.5,90,22.5,0,0,0,0,149.1 altNRdy,
9,1.21,40142361,139987256,14,-112.5,90,22.5,0,0,0,0,149.1 altNRdy,
9,1.22,40142361,139987256,14,-112.5,90,22.5,0,0,0,0,149.1 altNRdy,
9,1.23,40142361,139987256,14,-112.5,90,22.5,0,0,0,0,149.1 altNRdy,
9,1.24,40142361,139987256,14,-112.5,90,22.5,0,0,0,0,149.1 altNRdy,
9,1.25,40142361,139987256,13,-112.5,90,22.5,0,0,0,0,149.1 altNRdy,
9,1.26,40142361,139987256,12,-112.5,90,22.5,0,0,0,0,149.1 altNRdy,
9,1.27,40142362,139987256,14,-112.5,90,22.5,0,0,0,0,149.1 altNRdy,
9,1.28,40142362,139987256,14,-112.5,90,22.5,0,0,0,0,149.1 altNRdy,
9,1.29,40142362,139987256,14,-112.5,90,22.5,0,0,0,0,149.1 altNRdy,
9,1.3,40142362,139987256,14,-112.5,90,22.5,0,0,0,0,149.1 altNRdy,
9,1.31,40142362,139987256,14,-112.5,90,22.5,0,0,0,0,149.1 altNRdy,
9,1.33,40142362,139987256,14,-112.5,90,22.5,0,0,0,0,149.1 altNRdy,
9,1.34,40142362,139987256,14,-112.5,90,22.5,0,0,0,0,149.1 altNRdy,
9,1.35,40142362,139987256,14,-112.5,90,22.5,0,0,0,0,149.1 altNRdy,
9,1.36,40142362,139987256,14,-112.5,90,22.5,0,0,0,0,149.1 altNRdy,
9,1.37,40142362,139987256,14,-135,90,22.5,0,0,0,0,149.1 altNRdy,
9,1.38,40142362,139987256,13,-112.5,90,22.5,0,0,0,0,149.1 altNRdy,
9,1.39,40142362,139987256,12,-135,90,22.5,0,0,0,0,149.1 altNRdy,
9,1.4,40142362,139987256,12,-112.5,90,22.5,0,0,0,0,149.1 altNRdy,
9,1.41,40142361,139987257,13,-112.5,90,22.5,0,0,0,0,149.1 altNRdy,
9,1.42,40142361,139987257,13,-112.5,90,22.5,0,0,0,0,149.1 altNRdy,
9,1.43,40142361,139987257,13,-112.5,90,22.5,0,0,0,0,149.1 altNRdy,
9,1.44,40142361,139987257,13,-112.5,90,22.5,0,0,0,0,149.1 altNRdy,
9,1.45,40142361,139987257,13,-135,90,22.5,0,0,0,0,149.1 altNRdy,
9,1.46,40142361,139987257,13,-112.5,90,22.5,0,0,0,0,149.1 altNRdy,
9,1.47,40142361,139987257,13,-135,90,22.5,0,0,0,0,149.1 altNRdy,
9,1.48,40142361,139987257,13,-112.5,90,22.5,0,0,0,0,149.1 altNRdy,
9,1.49,40142361,139987257,13,-112.5,90,22.5,0,0,0,0,149.1 altNRdy,
9,1.5,40142361,139987257,13,-135,90,22.5,0,0,0,0,149.1 altNRdy,
9,1.51,40142361,139987257,13,-112.5,90,22.5,0,0,0,0,149.1 altNRdy,
9,1.52,40142361,139987257,13,-112.5,90,22.5,0,0,0,0,149.1 altNRdy,
9,1.53,40142361,139987257,13,-112.5,90,22.5,0,0,0,0,149.1 altNRdy,
9,1.54,40142361,139987257,13,-112.5,90,22.5,0,0,0,0,149.1 altNRdy,
9,1.55,40142361,139987257,12,-135,90,22.5,0,0,0,0,149.1 altNRdy,
9,1.56,40142361,139987257,13,-135,90,22.5,0,0,0,0,149.1 altNRdy,
9,1.57,40142361,139987257,13,-135,90,22.5,0,0,0,0,149.1 altNRdy,
9,1.59,40142361,139987257,13,-112.5,90,22.5,0,0,0,0,149.1 altNRdy,
9,2,40142361,139987257,13,-112.5,90,22.5,0,0,0,0,149.1 altNRdy,
9,2.1,40142361,139987257,13,-135,90,22.5,0,0,0,0,149.1 altNRdy,
9,2.2,40142360,139987257,13,-135,90,22.5,0,0,0,0,149.1 altNRdy,
9,2.3,40142360,139987257,13,-135,90,22.5,0,0,0,0,149.1 altNRdy,
9,2.4,40142360,139987257,13,-112.5,90,22.5,0,0,0,0,149.1 altNRdy,
9,2.5,40142360,139987257,13,-135,90,22.5,0,0,0,0,149.1 altNRdy,
9,2.6,40142360,139987257,13,-135,90,22.5,0,0,0,0,149.1 altNRdy,
9,2.7,40142360,139987257,13,-135,90,22.5,0,0,0,0,149.1 altNRdy,
9,2.8,40142360,139987257,13,-135,90,22.5,0,0,0,0,149.1 altNRdy,
9,2.9,40142360,139987257,13,-135,90,22.5,0,0,0,0,149.1 altNRdy,
9,2.1,40142360,139987257,13,-135,90,22.5,0,0,0,0,149.1 altNRdy,
9,2.11,40142360,139987257,13,-135,90,22.5,0,0,0,0,149.1 altNRdy,
9,2.12,40142360,139987257,12,-135,90,22.5,0,0,0,0,149.1 altNRdy,
9,2.13,40142360,139987257,12,-135,90,22.5,0,0,0,0,149.1 altNRdy,
9,2.14,40142360,139987257,12,-135,90,22.5,0,0,0,0,149.1 altNRdy,
9,2.15,40142360,139987257,11,-135,90,22.5,0,0,0,0,149.1 altNRdy,
9,2.16,40142360,139987257,11,-135,90,22.5,0,0,0,0,149.1 altNRdy,
9,2.17,40142360,139987257,11,-135,90,22.5,0,0,0,0,149.1 altNRdy,
9,2.18,40142361,139987257,13,-135,90,22.5,0,0,0,0,149.1 altNRdy,
9,2.19,40142361,139987257,13,-135,90,22.5,0,0,0,0,149.1 altNRdy,
9,2.2,40142361,139987257,13,-135,90,22.5,0,0,0,0,149.1 altNRdy,
9,2.21,40142361,139987257,13,-135,90,22.5,0,0,0,0,149.1 altNRdy,
9,2.22,40142361,139987257,13,-135,90,22.5,0,0,0,0,149.1 altNRdy,
9,2.23,40142361,139987257,13,-135,90,22.5,0,0,0,0,149.1 altNRdy,
9,2.25,40142361,139987257,13,-135,90,22.5,0,0,0,0,149.1 altNRdy,
9,2.26,40142361,139987257,13,-135,90,22.5,0,0,0,0,149.1 altNRdy,
9,2.27,40142361,139987257,13,-135,90,22.5,0,0,0,0,149.1 altNRdy,
9,2.28,40142361,139987257,13,-135,90,22.5,0,0,0,0,149.1 altNRdy,
9,2.29,40142361,139987257,13,-135,90,22.5,0,0,0,0,149.1 altNRdy,
9,2.3,40142361,139987257,13,-135,90,22.5,0,0,0,0,149.1 altNRdy,
9,2.31,40142361,139987257,13,-135,90,22.5,0,0,0,0,149.1 altNRdy,
9,2.32,40142361,139987257,13,-135,90,22.5,0,0,0,0,149.1 altNRdy,
9,2.33,40142361,139987257,13,-135,90,22.5,0,0,0,0,149.1 altNRdy,
9,2.34,40142361,139987257,13,-135,90,22.5,0,0,0,0,149.1 altNRdy,
9,2.35,40142361,139987257,13,-135,90,22.5,0,0,0,0,149.1 altNRdy,
9,2.36,40142361,139987257,13,-135,90,22.5,0,0,0,0,149.1 altNRdy,
9,2.37,40142361,139987257,13,-135,90,22.5,0,0,0,0,149.1 altNRdy,
9,2.38,40142361,139987257,13,-135,90,22.5,0,0,0,0,149.1 altNRdy,
9,2.39,40142360,139987257,13,-135,90,22.5,0,0,0,0,149.1 altNRdy,
9,2.4,40142360,139987257,13,-135,90,22.5,0,0,0,0,149.1 altNRdy,
9,2.41,40142360,139987257,13,-135,90,22.5,0,0,0,0,149.1 altNRdy,
9,2.42,40142360,139987257,13,-135,90,22.5,0,0,0,0,149.1 altNRdy,
9,2.43,40142360,139987257,13,-135,90,22.5,0,0,0,0,149.1 altNRdy,
9,2.44,40142360,139987257,13,-135,90,22.5,0,0,0,0,149.1 altNRdy,
9,2.45,40142360,139987256,14,-135,90,22.5,0,0,0,0,149.1 altNRdy,
9,2.46,40142360,139987256,13,-135,90,22.5,0,0,0,0,149.1 altNRdy,
9,2.47,40142360,139987256,12,-135,90,22.5,0,0,0,0,149.1 altNRdy,
9,2.48,40142360,139987257,13,-135,90,22.5,0,0,0,0,149.1 altNRdy,
9,2.49,40142360,139987256,14,-135,90,22.5,0,0,0,0,149.1 altNRdy,
9,2.51,40142360,139987256,14,-135,90,22.5,0,0,0,0,149.1 altNRdy,
9,2.52,40142360,139987256,14,-135,90,22.5,0,0,0,0,149.1 altNRdy,
9,2.53,40142360,139987256,14,-135,90,22.5,0,0,0,0,149.1 altNRdy,
9,2.54,40142360,139987256,14,-135,90,22.5,0,0,0,0,149.1 altNRdy,
9,2.55,40142360,139987256,14,-135,90,22.5,0,0,0,0,149.1 altNRdy,
9,2.56,40142361,139987256,14,-135,90,22.5,0,0,0,0,149.1 altNRdy,
9,2.57,40142361,139987256,14,-135,90,22.5,0,0,0,0,149.1 altNRdy,
9,2.58,40142361,139987256,14,-135,90,22.5,0,0,0,0,149.1 altNRdy,
9,2.59,40142361,139987256,14,-135,90,22.5,0,0,0,0,149.1 altNRdy,
9,3,40142360,139987256,14,-135,90,22.5,0,0,0,0,149.1 altNRdy,
9,3.1,40142360,139987256,14,-135,90,22.5,0,0,0,0,149.1 altNRdy,
9,3.2,40142360,139987255,14,-135,90,22.5,0,0,0,0,149.1 altNRdy,
9,3.3,40142360,139987255,14,-135,90,22.5,0,0,0,0,149.1 altNRdy,
9,3.4,40142360,139987255,14,-135,90,22.5,0,0,0,0,149.1 altNRdy,
9,3.5,40142360,139987255,14,-135,90,22.5,0,0,0,0,149.1 altNRdy,
9,3.6,40142361,139987255,14,-135,90,22.5,0,0,0,0,149.1 altNRdy,
9,3.7,40142361,139987255,14,-135,90,22.5,0,0,0,0,149.1 altNRdy,
9,3.8,40142361,139987255,14,-135,90,22.5,0,0,0,0,149.1 altNRdy,
9,3.9,40142361,139987255,13,-135,90,22.5,0,0,0,0,149.1 altNRdy,
9,3.1,40142361,139987255,14,-135,90,22.5,0,0,0,0,149.1 altNRdy,
9,3.11,40142361,139987255,14,-135,90,22.5,0,0,0,0,149.1 altNRdy,
9,3.12,40142361,139987255,14,-135,90,22.5,0,0,0,0,149.1 altNRdy,
9,3.13,40142361,139987255,14,-135,90,22.5,0,0,0,0,149.1 altNRdy,
9,3.14,40142361,139987255,14,-135,90,22.5,0,0,0,0,149.1 altNRdy,
9,3.15,40142361,139987255,14,-135,90,22.5,0,0,0,0,149.1 altNRdy,
9,3.17,40142361,139987255,14,-135,90,22.5,0,0,0,0,149.1 altNRdy,
9,3.18,40142361,139987255,14,-135,90,22.5,0,0,0,0,149.1 altNRdy,
9,3.19,40142361,139987255,13,-135,90,22.5,0,0,0,0,149.1 altNRdy,
9,3.2,40142361,139987255,13,-135,90,22.5,0,0,0,0,149.1 altNRdy,
9,3.21,40142361,139987255,12,-135,90,22.5,0,0,0,0,149.1 altNRdy,
9,3.22,40142361,139987255,12,-135,90,22.5,0,0,0,0,149.1 altNRdy,
9,3.23,40142361,139987255,12,-135,90,22.5,0,0,0,0,149.1 altNRdy,
9,3.24,40142361,139987255,11,-135,90,22.5,0,0,0,0,149.1 altNRdy,
9,3.25,40142361,139987255,11,-135,90,22.5,0,0,0,0,149.1 altNRdy,
9,3.26,40142361,139987255,11,-135,90,22.5,0,0,0,0,149.1 altNRdy,
9,3.27,40142361,139987255,11,-135,90,22.5,0,0,0,0,149.1 altNRdy,
9,3.28,40142361,139987255,11,-135,90,22.5,0,0,0,0,149.1 altNRdy,
9,3.29,40142361,139987255,11,-135,90,22.5,0,0,0,0,149.1 altNRdy,
9,3.3,40142361,139987255,11,-135,90,22.5,0,0,0,0,149.1 altNRdy,
9,3.31,40142361,139987255,11,-135,90,22.5,0,0,0,0,149.1 altNRdy,
9,3.32,40142361,139987255,11,-135,90,22.5,0,0,0,0,149.1 altNRdy,
9,3.33,40142361,139987255,11,-135,90,22.5,0,0,0,0,149.1 altNRdy,
9,3.34,40142361,139987255,11,-135,90,22.5,0,0,0,0,149.1 altNRdy,
9,3.35,40142361,139987255,11,-135,90,22.5,0,0,0,0,149.1 altNRdy,
9,3.36,40142361,139987255,11,-135,90,22.5,0,0,0,0,149.1 altNRdy,
9,3.37,40142360,139987255,14,-135,90,22.5,0,0,0,0,149.1 altNRdy,
9,3.38,40142360,139987255,14,-135,90,22.5,0,0,0,0,149.1 altNRdy,
9,3.39,40142360,139987255,14,-135,90,22.5,0,0,0,0,149.1 altNRdy,
9,3.4,40142360,139987255,14,-135,90,22.5,0,0,0,0,149.1 altNRdy,
9,3.41,40142360,139987255,14,-135,90,22.5,0,0,0,0,149.1 altNRdy,
9,3.43,40142360,139987255,14,-135,90,22.5,0,0,0,0,149.1 altNRdy,
9,3.44,40142360,139987255,14,-135,90,22.5,0,0,0,0,149.1 altNRdy,
9,3.45,40142360,139987255,14,-135,90,22.5,0,0,0,0,149.1 altNRdy,
9,3.46,40142360,139987255,14,-135,90,22.5,0,0,0,0,149.1 altNRdy,
9,3.47,40142360,139987255,14,-135,90,22.5,0,0,0,0,149.1 altNRdy,
9,3.48,40142360,139987255,14,-135,90,22.5,0,0,0,0,149.1 altNRdy,
9,3.49,40142360,139987255,14,-135,90,22.5,0,0,0,0,149.1 altNRdy,
9,3.5,40142360,139987255,14,-135,90,22.5,0,0,0,0,149.1 altNRdy,
9,3.51,40142360,139987255,14,-135,90,22.5,0,0,0,0,149.1 altNRdy,
9,3.52,40142360,139987255,14,-135,90,22.5,0,0,0,0,149.1 altNRdy,
9,3.53,40142360,139987255,14,-135,90,22.5,0,0,0,0,149.1 altNRdy,
9,3.54,40142360,139987255,14,-135,90,22.5,0,0,0,0,149.1 altNRdy,
9,3.55,40142360,139987255,14,-135,90,22.5,0,0,0,0,149.1 altNRdy,
9,3.56,40142360,139987255,14,-135,90,22.5,0,0,0,0,149.1 altNRdy,
9,3.57,40142360,139987255,14,-135,90,22.5,0,0,0,0,149.1 altNRdy,
9,3.58,40142360,139987255,14,-135,90,22.5,0,0,0,0,149.1 altNRdy,
9,3.59,40142360,139987255,14,-135,90,22.5,0,0,0,0,149.1 altNRdy,
9,4,40142360,139987255,14,-135,90,22.5,0,0,0,0,149.1 altNRdy,
9,4.1,40142360,139987255,14,-135,90,22.5,0,0,0,0,149.1 altNRdy,
9,4.2,40142360,139987255,14,-135,90,22.5,0,0,0,0,149.1 altNRdy,
9,4.3,40142360,139987255,14,-135,90,22.5,0,0,0,0,149.1 altNRdy,
9,4.4,40142360,139987255,14,-135,90,22.5,0,0,0,0,149.1 altNRdy,
9,4.5,40142360,139987255,14,-135,90,22.5,0,0,0,0,149.1 altNRdy,
9,4.6,40142360,139987255,14,-135,90,22.5,0,0,0,0,149.1 altNRdy,
9,4.7,40142360,139987255,14,-135,90,22.5,0,0,0,0,149.1 altNRdy,
9,4.9,40142360,139987255,14,-135,90,22.5,0,0,0,0,149.1 altNRdy,
9,4.1,40142360,139987255,14,-135,90,22.5,0,0,0,0,149.1 altNRdy,
9,4.11,40142360,139987256,14,-135,90,22.5,0,0,0,0,149.1 altNRdy,
9,4.12,40142360,139987256,14,-135,90,22.5,0,0,0,0,149.1 altNRdy,
9,4.13,40142360,139987256,14,-135,90,22.5,0,0,0,0,149.1 altNRdy,
9,4.14,40142360,139987256,14,-135,90,22.5,0,0,0,0,149.1 altNRdy,
9,4.15,40142360,139987256,13,-135,90,22.5,0,0,0,0,149.1 altNRdy,
9,4.16,40142360,139987256,12,-135,90,22.5,0,0,0,0,149.1 altNRdy,
9,4.17,40142360,139987256,12,-135,90,22.5,0,0,0,0,149.1 altNRdy,
9,4.18,40142360,139987256,12,-135,90,22.5,0,0,0,0,149.1 altNRdy,
9,4.19,40142360,139987256,11,-135,90,22.5,0,0,0,0,149.1 altNRdy,
9,4.2,40142361,139987256,14,-135,90,22.5,0,0,0,0,149.1 altNRdy,
9,4.21,40142361,139987256,13,-135,90,22.5,0,0,0,0,149.1 altNRdy,
9,4.22,40142361,139987255,14,-135,90,22.5,0,0,0,0,149.1 altNRdy,
9,4.23,40142361,139987255,14,-135,90,22.5,0,0,0,0,149.1 altNRdy,
9,4.24,40142361,139987255,14,-135,90,22.5,0,0,0,0,149.1 altNRdy,
9,4.25,40142361,139987255,14,-135,90,22.5,0,0,0,0,149.1 altNRdy,
9,4.26,40142361,139987255,14,-135,90,22.5,0,0,0,0,149.1 altNRdy,
9,4.27,40142361,139987255,14,-135,90,22.5,0,0,0,0,149.1 altNRdy,
9,4.28,40142361,139987255,14,-135,90,22.5,0,0,0,0,149.1 altNRdy,
9,4.29,40142361,139987255,14,-135,90,22.5,0,0,0,0,149.1 altNRdy,
9,4.3,40142361,139987255,14,-135,90,22.5,0,0,0,0,149.1 altNRdy,
9,4.31,40142361,139987255,13,-135,90,22.5,0,0,0,0,149.1 altNRdy,
9,4.32,40142361,139987255,14,-135,90,22.5,0,0,0,0,149.1 altNRdy,
9,4.33,40142361,139987255,14,-135,90,22.5,0,0,0,0,149.1 altNRdy,
9,4.35,40142361,139987255,14,-135,90,22.5,0,0,0,0,149.1 altNRdy,
9,4.36,40142361,139987255,14,-135,90,22.5,0,0,0,0,149.1 altNRdy,
9,4.37,40142361,139987255,14,-135,90,22.5,0,0,0,0,149.1 altNRdy,
9,4.38,40142361,139987255,14,-135,90,22.5,0,0,0,0,149.1 altNRdy,
9,4.39,40142361,139987255,14,-135,90,22.5,0,0,0,0,149.1 altNRdy,
9,4.4,40142361,139987255,14,-135,90,22.5,0,0,0,0,149.1 altNRdy,
9,4.41,40142361,139987255,14,-135,90,22.5,0,0,0,0,149.1 altNRdy,
9,4.42,40142361,139987255,14,-135,90,22.5,0,0,0,0,149.1 altNRdy,
9,4.43,40142361,139987255,13,-135,90,22.5,0,0,0,0,149.1 altNRdy,
9,4.44,40142361,139987255,13,-135,90,22.5,0,0,0,0,149.1 altNRdy,
9,4.45,40142361,139987255,12,-135,90,22.5,0,0,0,0,149.1 altNRdy,
9,4.46,40142361,139987255,12,-135,90,22.5,0,0,0,0,149.1 altNRdy,
9,4.47,40142361,139987255,14,-135,90,22.5,0,0,0,0,149.1 altNRdy,
9,4.48,40142361,139987255,14,-135,90,22.5,0,0,0,0,149.1 altNRdy,
9,4.49,40142361,139987255,14,-135,90,22.5,0,0,0,0,149.1 altNRdy,
9,4.5,40142361,139987255,14,-135,90,22.5,0,0,0,0,149.1 altNRdy,
9,4.51,40142361,139987255,14,-135,90,22.5,0,0,0,0,149.1 altNRdy,
9,4.52,40142361,139987255,14,-135,90,22.5,0,0,0,0,149.1 altNRdy,
9,4.53,40142361,139987255,14,-135,90,22.5,0,0,0,0,149.1 altNRdy,
9,4.54,40142361,139987255,14,-135,90,22.5,0,0,0,0,149.1 altNRdy,
9,4.55,40142361,139987256,14,-135,90,22.5,0,0,0,0,149.1 altNRdy,
9,4.56,40142361,139987256,14,-135,90,22.5,0,0,0,0,149.1 altNRdy,
9,4.57,40142361,139987256,14,-135,90,22.5,0,0,0,0,149.1 altNRdy,
9,4.58,40142361,139987256,14,-135,90,22.5,0,0,0,0,149.1 altNRdy,
9,4.59,40142361,139987256,13,-135,90,22.5,0,0,0,0,149.1 altNRdy,
9,5.1,40142361,139987256,14,-135,90,22.5,0,0,0,0,149.1 altNRdy,
9,5.2,40142361,139987256,14,-135,90,22.5,0,0,0,0,149.1 altNRdy,
9,5.3,40142361,139987256,14,-135,90,22.5,0,0,0,0,149.1 altNRdy,
9,5.4,40142361,139987256,14,-135,90,22.5,0,0,0,0,149.1 altNRdy,
9,5.5,40142361,139987256,14,-135,90,22.5,0,0,0,0,149.1 altNRdy,
9,5.6,40142361,139987256,14,-135,90,22.5,0,0,0,0,149.1 altNRdy,
9,5.7,40142361,139987256,14,-135,90,22.5,0,0,0,0,149.1 altNRdy,
9,5.8,40142361,139987256,14,-135,90,22.5,0,0,0,0,149.1 altNRdy,
9,5.9,40142361,139987256,13,-135,90,22.5,0,0,0,0,149.1 altNRdy,
9,5.1,40142361,139987256,14,-135,90,22.5,0,0,0,0,149.1 altNRdy,
9,5.11,40142360,139987256,14,-135,90,22.5,0,0,0,0,149.1 altNRdy,
9,5.12,40142360,139987256,14,-135,90,22.5,0,0,0,0,149.1 altNRdy,
9,5.13,40142360,139987256,14,-135,90,22.5,0,0,0,0,149.1 altNRdy,
9,5.14,40142360,139987256,14,-135,90,22.5,0,0,0,0,149.1 altNRdy,
9,5.15,40142360,139987256,14,-135,90,22.5,0,0,0,0,149.1 altNRdy,
9,5.16,40142360,139987256,14,-135,90,22.5,0,0,0,0,149.1 altNRdy,
9,5.17,40142360,139987256,14,-135,90,22.5,0,0,0,0,149.1 altNRdy,
9,5.18,40142360,139987255,14,-135,90,22.5,0,0,0,0,149.1 altNRdy,
9,5.19,40142360,139987255,13,-135,90,22.5,0,0,0,0,149.1 altNRdy,
9,5.2,40142360,139987255,12,-135,90,22.5,0,0,0,0,149.1 altNRdy,
9,5.21,40142360,139987255,12,-135,90,22.5,0,0,0,0,149.1 altNRdy,
9,5.22,40142360,139987255,12,-135,90,22.5,0,0,0,0,149.1 altNRdy,
9,5.23,40142360,139987255,12,-135,90,22.5,0,0,0,0,149.1 altNRdy,
9,5.24,40142360,139987255,11,-135,90,22.5,0,0,0,0,149.1 altNRdy,
9,5.25,40142360,139987256,14,-135,90,22.5,0,0,0,0,149.1 altNRdy,
9,5.27,40142360,139987256,14,-135,90,22.5,0,0,0,0,149.1 altNRdy,
9,5.28,40142360,139987256,14,-135,90,22.5,0,0,0,0,149.1 altNRdy,
9,5.29,40142361,139987256,14,-135,90,22.5,0,0,0,0,149.1 altNRdy,
9,5.3,40142361,139987256,14,-135,90,22.5,0,0,0,0,149.1 altNRdy,
9,5.31,40142361,139987256,14,-135,90,22.5,0,0,0,0,149.1 altNRdy,
9,5.32,40142361,139987256,14,-135,90,22.5,0,0,0,0,149.1 altNRdy,
9,5.33,40142361,139987257,13,-135,90,22.5,0,0,0,0,149.1 altNRdy,
9,5.34,40142361,139987257,13,-135,90,22.5,0,0,0,0,149.1 altNRdy,
9,5.35,40142361,139987257,13,-135,90,22.5,0,0,0,0,149.1 altNRdy,
9,5.36,40142361,139987257,12,-135,90,22.5,0,0,0,0,149.1 altNRdy,
9,5.37,40142361,139987257,13,-135,90,22.5,0,0,0,0,149.1 altNRdy,
9,5.38,40142361,139987257,13,-135,90,22.5,0,0,0,0,149.1 altNRdy,
9,5.39,40142361,139987257,13,-135,90,22.5,0,0,0,0,149.1 altNRdy,
9,5.4,40142361,139987257,13,-135,90,22.5,0,0,0,0,149.1 altNRdy,
9,5.41,40142361,139987257,13,-135,90,22.5,0,0,0,0,149.1 altNRdy,
9,5.42,40142361,139987257,13,-135,90,22.5,0,0,0,0,149.1 altNRdy,
9,5.43,40142361,139987257,13,-135,90,22.5,0,0,0,0,149.1 altNRdy,
9,5.44,40142361,139987257,13,-135,90,22.5,0,0,0,0,149.1 altNRdy,
9,5.45,40142361,139987257,13,-135,90,22.5,0,0,0,0,149.1 altNRdy,
9,5.46,40142361,139987257,13,-135,90,22.5,0,0,0,0,149.1 altNRdy,
9,5.47,40142361,139987257,13,-135,90,22.5,0,0,0,0,149.1 altNRdy,
9,5.48,40142361,139987257,12,-135,90,22.5,0,0,0,0,149.1 altNRdy,
9,5.49,40142361,139987258,13,-135,90,22.5,0,0,0,0,149.1 altNRdy,
9,5.5,40142361,139987258,13,-135,90,22.5,0,0,0,0,149.1 altNRdy,
9,5.51,40142361,139987258,13,-135,90,22.5,0,0,0,0,149.1 altNRdy,
9,5.53,40142361,139987258,13,-135,90,22.5,0,0,0,0,149.1 altNRdy,
9,5.54,40142361,139987258,13,-135,90,22.5,0,0,0,0,149.1 altNRdy,
9,5.55,40142361,139987258,13,-135,90,22.5,0,0,0,0,149.1 altNRdy,
9,5.56,40142361,139987258,13,-135,90,22.5,0,0,0,0,149.1 altNRdy,
9,5.57,40142361,139987258,13,-135,90,22.5,0,0,0,0,149.1 altNRdy,
9,5.58,40142360,139987258,13,-135,90,22.5,0,0,0,0,149.1 altNRdy,
9,5.59,40142360,139987258,13,-135,90,22.5,0,0,0,0,149.1 altNRdy,
9,6,40142360,139987258,13,-135,90,22.5,0,0,0,0,149.1 altNRdy,
9,6.1,40142360,139987258,13,-135,90,22.5,0,0,0,0,149.1 altNRdy,
9,6.2,40142360,139987258,13,-135,90,22.5,0,0,0,0,149.1 altNRdy,
9,6.3,40142360,139987258,13,-135,90,22.5,0,0,0,0,149.1 altNRdy,
9,6.4,40142360,139987258,13,-135,90,22.5,0,0,0,0,149.1 altNRdy,
9,6.5,40142360,139987258,13,-135,90,22.5,0,0,0,0,149.1 altNRdy,
9,6.6,40142360,139987258,13,-135,90,22.5,0,0,0,0,149.1 altNRdy,
9,6.7,40142360,139987258,13,-135,90,22.5,0,0,0,0,149.1 altNRdy,
9,6.8,40142360,139987258,13,-135,90,22.5,0,0,0,0,149.1 altNRdy,
9,6.9,40142360,139987258,13,-135,90,22.5,0,0,0,0,149.1 altNRdy,
9,6.1,40142360,139987258,13,-135,90,22.5,0,0,0,0,149.1 altNRdy,
9,6.11,40142360,139987258,13,-135,90,22.5,0,0,0,0,149.1 altNRdy,
9,6.12,40142360,139987258,13,-135,90,22.5,0,0,0,0,149.1 altNRdy,
9,6.13,40142360,139987258,13,-135,90,22.5,0,0,0,0,149.1 altNRdy,
9,6.14,40142360,139987258,13,-135,90,22.5,0,0,0,0,149.1 altNRdy,
9,6.15,40142360,139987258,13,-135,90,22.5,0,0,0,0,149.1 altNRdy,
9,6.16,40142359,139987258,13,-135,90,22.5,0,0,0,0,149.1 altNRdy,
9,6.17,40142359,139987258,13,-135,90,22.5,0,0,0,0,149.1 altNRdy,
9,6.19,40142359,139987258,13,-135,90,22.5,0,0,0,0,149.1 altNRdy,
9,6.2,40142359,139987258,13,-135,90,22.5,0,0,0,0,149.1 altNRdy,
9,6.21,40142359,139987258,13,-135,90,22.5,0,0,0,0,149.1 altNRdy,
9,6.22,40142359,139987258,13,-135,90,22.5,0,0,0,0,149.1 altNRdy,
9,6.23,40142359,139987258,13,-135,90,22.5,0,0,0,0,149.1 altNRdy,
9,6.24,40142359,139987258,13,-135,90,22.5,0,0,0,0,149.1 altNRdy,
9,6.25,40142359,139987258,12,-135,90,22.5,0,0,0,0,149.1 altNRdy,
9,6.26,40142359,139987258,12,-135,90,22.5,0,0,0,0,149.1 altNRdy,
9,6.27,40142359,139987258,12,-135,90,22.5,0,0,0,0,149.1 altNRdy,
9,6.28,40142359,139987258,11,-135,90,22.5,0,0,0,0,149.1 altNRdy,
9,6.29,40142359,139987258,13,-135,90,22.5,0,0,0,0,149.1 altNRdy,
9,6.3,40142359,139987258,13,-135,90,22.5,0,0,0,0,149.1 altNRdy,
9,6.31,40142359,139987258,13,-135,90,22.5,0,0,0,0,149.1 altNRdy,
9,6.32,40142359,139987258,13,-135,90,22.5,0,0,0,0,149.1 altNRdy,
9,6.33,40142359,139987258,13,-135,90,22.5,0,0,0,0,149.1 altNRdy,
9,6.34,40142359,139987258,13,-135,90,22.5,0,0,0,0,149.1 altNRdy,
9,6.35,40142359,139987258,13,-135,90,22.5,0,0,0,0,149.1 altNRdy,
9,6.36,40142359,139987258,13,-135,90,22.5,0,0,0,0,149.1 altNRdy,
9,6.37,40142360,139987258,13,-135,90,22.5,0,0,0,0,149.1 altNRdy,
9,6.38,40142360,139987259,13,-135,90,22.5,0,0,0,0,149.1 altNRdy,
9,6.39,40142360,139987259,13,-135,90,22.5,0,0,0,0,149.1 altNRdy,
9,6.4,40142360,139987259,13,-135,90,22.5,0,0,0,0,149.1 altNRdy,
9,6.41,40142360,139987259,13,-135,90,22.5,0,0,0,0,149.1 altNRdy,
9,6.42,40142360,139987259,13,-135,90,22.5,0,0,0,0,149.1 altNRdy,
9,6.43,40142360,139987259,13,-135,90,22.5,0,0,0,0,149.1 altNRdy,
9,6.45,40142360,139987259,13,-135,90,22.5,0,0,0,0,149.1 altNRdy,
9,6.46,40142360,139987259,13,-135,90,22.5,0,0,0,0,149.1 altNRdy,
9,6.47,40142360,139987259,13,-135,90,22.5,0,0,0,0,149.1 altNRdy,
9,6.48,40142360,139987259,13,-135,90,22.5,0,0,0,0,149.1 altNRdy,
9,6.49,40142360,139987259,13,-135,90,22.5,0,0,0,0,149.1 altNRdy,
9,6.5,40142360,139987259,13,-135,90,22.5,0,0,0,0,149.1 altNRdy,
9,6.51,40142360,139987259,13,-135,90,22.5,0,0,0,0,149.1 altNRdy,
9,6.52,40142360,139987259,12,-135,90,22.5,0,0,0,0,149.1 altNRdy,
9,6.53,40142360,139987259,12,-135,90,22.5,0,0,0,0,149.1 altNRdy,
9,6.54,40142360,139987259,11,-135,90,22.5,0,0,0,0,149.1 altNRdy,
9,6.55,40142360,139987259,11,-135,90,22.5,0,0,0,0,149.1 altNRdy,
9,6.56,40142360,139987259,13,-135,90,22.5,0,0,0,0,149.1 altNRdy,
9,6.57,40142360,139987259,13,-135,90,22.5,0,0,0,0,149.1 altNRdy,
9,6.58,40142360,139987259,13,-135,90,22.5,0,0,0,0,149.1 altNRdy,
9,6.59,40142360,139987259,13,-135,90,22.5,0,0,0,0,149.1 altNRdy,
9,7,40142361,139987259,13,-135,90,22.5,0,0,0,0,149.1 altNRdy,
9,7.1,40142361,139987259,13,-135,90,22.5,0,0,0,0,149.1 altNRdy,
9,7.2,40142361,139987259,13,-135,90,22.5,0,0,0,0,149.1 altNRdy,
9,7.3,40142361,139987259,13,-135,90,22.5,0,0,0,0,149.1 altNRdy,
9,7.4,40142361,139987259,13,-135,90,22.5,0,0,0,0,149.1 altNRdy,
9,7.5,40142361,139987259,13,-135,90,22.5,0,0,0,0,149.1 altNRdy,
9,7.6,40142361,139987259,13,-135,90,22.5,0,0,0,0,149.1 altNRdy,
9,7.7,40142361,139987259,13,-135,90,22.5,0,0,0,0,149.1 altNRdy,
9,7.8,40142361,139987259,13,-135,90,22.5,0,0,0,0,149.1 altNRdy,
9,7.9,40142360,139987259,13,-135,90,22.5,0,0,0,0,149.1 altNRdy,
9,7.11,40142360,139987259,13,-135,90,22.5,0,0,0,0,149.1 altNRdy,
9,7.12,40142360,139987259,13,-135,90,22.5,0,0,0,0,149.1 altNRdy,
9,7.13,40142360,139987259,13,-135,90,22.5,0,0,0,0,149.1 altNRdy,
9,7.14,40142360,139987259,13,-135,90,22.5,0,0,0,0,149.1 altNRdy,
9,7.15,40142360,139987259,13,-135,90,22.5,0,0,0,0,149.1 altNRdy,
9,7.16,40142360,139987259,13,-135,90,22.5,0,0,0,0,149.1 altNRdy,
9,7.17,40142360,139987259,13,-135,90,22.5,0,0,0,0,149.1 altNRdy,
9,7.18,40142360,139987259,12,-135,90,22.5,0,0,0,0,149.1 altNRdy,
9,7.19,40142360,139987259,12,-135,90,22.5,0,0,0,0,149.1 altNRdy,
9,7.2,40142360,139987259,11,-135,90,22.5,0,0,0,0,149.1 altNRdy,
9,7.21,40142360,139987259,11,-135,90,22.5,0,0,0,0,149.1 altNRdy,
9,7.22,40142360,139987259,11,-135,90,22.5,0,0,0,0,149.1 altNRdy,
9,7.23,40142360,139987259,11,-135,90,22.5,0,0,0,0,149.1 altNRdy,
9,7.24,40142360,139987259,13,-135,90,22.5,0,0,0,0,149.1 altNRdy,
9,7.25,40142360,139987259,13,-135,90,22.5,0,0,0,0,149.1 altNRdy,
9,7.26,40142360,139987259,13,-112.5,90,22.5,0,0,0,0,149.1 altNRdy,
9,7.27,40142360,139987260,13,-135,90,22.5,0,0,0,0,149.1 altNRdy,
9,7.28,40142360,139987260,13,-135,90,22.5,0,0,0,0,149.1 altNRdy,
9,7.29,40142360,139987260,13,-135,90,22.5,0,0,0,0,149.1 altNRdy,
9,7.3,40142360,139987260,13,-135,90,22.5,0,0,0,0,149.1 altNRdy,
9,7.31,40142360,139987260,13,-135,90,22.5,0,0,0,0,149.1 altNRdy,
9,7.32,40142360,139987260,13,-135,90,22.5,0,0,0,0,149.1 altNRdy,
9,7.33,40142360,139987260,13,-135,90,22.5,0,0,0,0,149.1 altNRdy,
9,7.34,40142360,139987260,13,-135,90,22.5,0,0,0,0,149.1 altNRdy,
9,7.35,40142360,139987260,13,-135,90,22.5,0,0,0,0,149.1 altNRdy,
9,7.37,40142360,139987260,13,-135,90,22.5,0,0,0,0,149.1 altNRdy,
9,7.38,40142360,139987260,13,-112.5,90,22.5,0,0,0,0,149.1 altNRdy,
9,7.39,40142360,139987260,13,-112.5,90,22.5,0,0,0,0,149.1 altNRdy,
9,7.4,40142360,139987260,13,-112.5,90,22.5,0,0,0,0,149.1 altNRdy,
9,7.41,40142360,139987260,13,-135,90,22.5,0,0,0,0,149.1 altNRdy,
9,7.42,40142360,139987260,13,-135,90,22.5,0,0,0,0,149.1 altNRdy,
9,7.43,40142360,139987260,13,-135,90,22.5,0,0,0,0,149.1 altNRdy,
9,7.44,40142360,139987260,13,-135,90,22.5,0,0,0,0,149.1 altNRdy,
9,7.45,40142360,139987260,13,-135,90,22.5,0,0,0,0,149.1 altNRdy,
9,7.46,40142360,139987260,13,-135,90,22.5,0,0,0,0,149.1 altNRdy,
9,7.47,40142360,139987261,13,-135,90,22.5,0,0,0,0,149.1 altNRdy,
9,7.48,40142360,139987261,13,-135,90,22.5,0,0,0,0,149.1 altNRdy,
9,7.49,40142360,139987261,13,-135,90,22.5,0,0,0,0,149.1 altNRdy,
9,7.5,40142360,139987261,13,-135,90,22.5,0,0,0,0,149.1 altNRdy,
9,7.51,40142360,139987261,13,-112.5,90,22.5,0,0,0,0,149.1 altNRdy,
9,7.52,40142360,139987261,13,-112.5,90,22.5,0,0,0,0,149.1 altNRdy,
9,7.53,40142360,139987261,13,-112.5,90,22.5,0,0,0,0,149.1 altNRdy,
9,7.54,40142359,139987261,13,-112.5,90,22.5,0,0,0,0,149.1 altNRdy,
9,7.55,40142359,139987261,13,-135,90,22.5,0,0,0,0,149.1 altNRdy,
9,7.56,40142359,139987261,13,-135,90,22.5,0,0,0,0,149.1 altNRdy,
9,7.57,40142359,139987261,13,-135,90,22.5,0,0,0,0,149.1 altNRdy,
9,7.58,40142359,139987261,13,-135,90,22.5,0,0,0,0,149.1 altNRdy,
9,7.59,40142359,139987261,13,-135,90,22.5,0,0,0,0,149.1 altNRdy,
9,8,40142359,139987261,12,-112.5,90,22.5,0,0,0,0,149.1 altNRdy,
9,8.1,40142359,139987261,13,-112.5,90,22.5,0,0,0,0,149.1 altNRdy,
9,8.3,40142359,139987261,13,-112.5,90,22.5,0,0,0,0,149.1 altNRdy,
9,8.4,40142359,139987261,13,-112.5,90,22.5,0,0,0,0,149.1 altNRdy,
9,8.5,40142359,139987261,13,-135,90,22.5,0,0,0,0,149.1 altNRdy,
9,8.6,40142359,139987261,13,-135,90,22.5,0,0,0,0,149.1 altNRdy,
9,8.7,40142359,139987261,13,-112.5,90,22.5,0,0,0,0,149.1 altNRdy,
9,8.8,40142359,139987261,13,-112.5,90,22.5,0,0,0,0,149.1 altNRdy,
9,8.9,40142359,139987261,13,-112.5,90,22.5,0,0,0,0,149.1 altNRdy,
9,8.1,40142359,139987261,13,-112.5,90,22.5,0,0,0,0,149.1 altNRdy,
9,8.11,40142359,139987261,13,-112.5,90,22.5,0,0,0,0,149.1 altNRdy,
9,8.12,40142359,139987261,13,-135,90,22.5,0,0,0,0,149.1 altNRdy,
9,8.13,40142359,139987261,13,-112.5,90,22.5,0,0,0,0,149.1 altNRdy,
9,8.14,40142359,139987261,13,-135,90,22.5,0,0,0,0,149.1 altNRdy,
9,8.15,40142359,139987261,13,-135,90,22.5,0,0,0,0,149.1 altNRdy,
9,8.16,40142358,139987261,13,-135,90,22.5,0,0,0,0,149.1 altNRdy,
9,8.17,40142358,139987261,13,-135,90,22.5,0,0,0,0,149.1 altNRdy,
9,8.18,40142358,139987261,13,-135,90,22.5,0,0,0,0,149.1 altNRdy,
9,8.19,40142358,139987261,13,-135,90,22.5,0,0,0,0,149.1 altNRdy,
9,8.2,40142358,139987261,13,-135,90,22.5,0,0,0,0,149.1 altNRdy,
9,8.21,40142358,139987261,13,-112.5,90,22.5,0,0,0,0,149.1 altNRdy,
9,8.22,40142358,139987261,13,-112.5,90,22.5,0,0,0,0,149.1 altNRdy,
9,8.23,40142358,139987261,13,-135,90,22.5,0,0,0,0,149.1 altNRdy,
9,8.24,40142358,139987260,13,-135,90,22.5,0,0,0,0,149.1 altNRdy,
9,8.25,40142358,139987260,12,-135,90,22.5,0,0,0,0,149.1 altNRdy,
9,8.26,40142358,139987260,12,-135,90,22.5,0,0,0,0,149.1 altNRdy,
9,8.27,40142358,139987260,12,-135,90,22.5,0,0,0,0,149.1 altNRdy,
9,8.29,40142359,139987260,13,-135,90,22.5,0,0,0,0,149.1 altNRdy,
9,8.3,40142359,139987260,13,-135,90,22.5,0,0,0,0,149.1 altNRdy,
9,8.31,40142359,139987260,13,-135,90,22.5,0,0,0,0,149.1 altNRdy,
9,8.32,40142359,139987260,13,-135,90,22.5,0,0,0,0,149.1 altNRdy,
9,8.33,40142359,139987260,13,-135,90,22.5,0,0,0,0,149.1 altNRdy,
9,8.34,40142359,139987260,13,-135,90,22.5,0,0,0,0,149.1 altNRdy,
9,8.35,40142359,139987260,13,-135,90,22.5,0,0,0,0,149.1 altNRdy,
9,8.36,40142359,139987260,13,-135,90,22.5,0,0,0,0,149.1 altNRdy,
9,8.37,40142359,139987260,13,-112.5,90,22.5,0,0,0,0,149.1 altNRdy,
9,8.38,40142359,139987260,13,-112.5,90,22.5,0,0,0,0,149.1 altNRdy,
9,8.39,40142359,139987260,13,-135,90,22.5,0,0,0,0,149.1 altNRdy,
9,8.4,40142359,139987260,13,-135,90,22.5,0,0,0,0,149.1 altNRdy,
9,8.41,40142359,139987260,13,-135,90,22.5,0,0,0,0,149.1 altNRdy,
9,8.42,40142359,139987260,13,-135,90,22.5,0,0,0,0,149.1 altNRdy,
9,8.43,40142359,139987259,13,-135,90,22.5,0,0,0,0,149.1 altNRdy,
9,8.44,40142359,139987259,13,-135,90,22.5,0,0,0,0,149.1 altNRdy,
9,8.45,40142359,139987259,13,-135,90,22.5,0,0,0,0,149.1 altNRdy,
9,8.46,40142359,139987259,13,-135,90,22.5,0,0,0,0,149.1 altNRdy,
9,8.47,40142359,139987259,13,-135,90,22.5,0,0,0,0,149.1 altNRdy,
9,8.48,40142359,139987259,13,-135,90,22.5,0,0,0,0,149.1 altNRdy,
9,8.49,40142359,139987259,12,-135,90,22.5,0,0,0,0,6NC 0 Heatand,
9,8.5,40142359,139987259,13,-180,90,22.5,0,0,0,0,6NC 2 Heatand,
9,8.51,40142359,139987259,13,180,90,22.5,0,0,0,0,6NC 4 Heatand,
9,8.52,40142359,139987259,13,-180,90,0,0,0,0,0,6NC 6 Heatand,
9,8.53,40142359,139987259,13,-157.5,22.5,45,0,0,0,0,2NC 0 Doneand,
9,8.55,40142359,139987259,13,157.5,0,0,0,1,3,0,2t-0.89 Leftd,
9,8.56,40142359,139987259,12,135,0,0,0,1,3,0,2t-0.62 Leftd,
9,8.57,40142359,139987259,12,135,0,0,0,1,3,0,2t-0.47 Leftd,
9,8.58,40142359,139987259,11,112.5,0,-22.5,0,3,3,0,2t-0.30 Forward,
9,8.59,40142359,139987259,11,112.5,0,-22.5,0,3,3,0,2t-0.04 Forward,
9,9,40142359,139987259,13,112.5,0,-22.5,0,3,3,0,2t0.15 Forward,
9,9.1,40142359,139987259,13,90,0,-22.5,0,3,1,0,2t0.51 Rightd,
9,9.2,40142359,139987259,12,90,0,-45,0,3,1,0,2t0.70 Rightd,
9,9.3,40142359,139987260,13,90,0,-22.5,0,3,1,0,2t0.69 Rightd,
9,9.4,40142359,139987260,12,90,0,-45,0,3,1,0,2t0.84 Rightd,
9,9.5,40142358,139987260,12,90,0,-45,0,3,1,0,2t0.93 Rightd,
9,9.6,40142358,139987260,12,67.5,0,-45,0,3,1,0,2t0.93 Rightd,
9,9.7,40142358,139987260,12,90,-22.5,-45,0,3,1,0,2t1.08 Rightd,
9,9.8,40142358,139987260,12,67.5,0,-45,0,3,1,0,2t1.14 Rightd,
9,9.9,40142358,139987260,11,45,0,-45,0,3,1,0,2t1.33 Rightd,
9,9.1,40142358,139987260,11,67.5,0,-45,0,3,1,0,2t1.21 Rightd,
9,9.11,40142358,139987260,12,45,0,-45,0,3,1,0,2t1.31 Rightd,
9,9.12,40142358,139987260,12,45,0,-45,0,3,1,0,2t1.33 Rightd,
9,9.13,40142358,139987260,12,67.5,0,-45,0,3,1,0,2t1.20 Rightd,
9,9.14,40142358,139987260,11,90,0,-45,0,3,1,0,2t1.02 Rightd,
9,9.15,40142358,139987260,11,90,0,-45,0,3,1,0,2t0.95 Rightd,
9,9.16,40142358,139987260,11,67.5,0,-45,0,3,1,0,2t0.87 Rightd,
9,9.17,40142358,139987260,13,67.5,0,-22.5,0,3,0,1,2stack leftd,
9,9.18,40142358,139987260,12,67.5,0,-45,0,3,1,1,2t1.01 Rightd,
9,9.19,40142358,139987260,13,67.5,0,-22.5,0,3,1,1,2t1.01 Rightd,
9,9.21,40142358,139987260,12,90,0,-22.5,0,3,1,1,2t0.76 Rightd,
9,9.22,40142358,139987260,12,90,0,-45,0,3,1,1,2t1.02 Rightd,
9,9.23,40142358,139987260,12,90,0,-45,0,3,1,1,2t0.97 Rightd,
9,9.24,40142359,139987260,13,67.5,0,-22.5,0,3,1,1,2t0.97 Rightd,
9,9.25,40142359,139987260,13,67.5,0,-22.5,0,3,1,1,2t1.04 Rightd,
9,9.26,40142359,139987260,12,90,0,-45,0,3,1,1,2t0.88 Rightd,
9,9.27,40142359,139987260,12,90,0,-45,0,3,1,1,2t0.94 Rightd,
9,9.28,40142359,139987260,11,90,0,-22.5,0,3,1,1,2t0.70 Rightd,
9,9.29,40142359,139987260,11,90,0,-22.5,0,3,1,1,2t0.90 Rightd,
9,9.3,40142359,139987260,11,90,0,-22.5,0,3,1,1,2t0.91 Rightd,
9,9.31,40142359,139987260,11,112.5,0,-45,0,3,1,1,2t0.98 Rightd,
9,9.32,40142359,139987261,13,67.5,0,-45,0,3,1,1,2t1.03 Rightd,
9,9.33,40142359,139987261,12,90,0,-45,0,3,1,1,2t0.86 Rightd,
9,9.34,40142359,139987261,13,67.5,0,-45,0,3,1,1,2t1.01 Rightd,
9,9.35,40142359,139987261,13,90,0,-22.5,0,3,1,1,2t0.64 Rightd,
9,9.36,40142359,139987261,12,112.5,0,-22.5,0,3,1,1,2t0.49 Rightd,
9,9.37,40142359,139987262,13,90,0,-45,0,3,1,1,2t0.43 Rightd,
9,9.38,40142359,139987262,12,112.5,0,-22.5,0,3,3,1,2t0.30 Forward,
9,9.39,40142359,139987262,12,112.5,0,-22.5,0,3,1,1,2t0.43 Rightd,
9,9.4,40142359,139987262,13,90,0,-45,0,3,1,1,2t0.52 Rightd,
9,9.41,40142359,139987262,12,90,0,-45,0,3,1,1,2t0.54 Rightd,
9,9.42,40142359,139987262,12,112.5,0,-45,0,3,1,1,2t0.46 Rightd,
9,9.43,40142359,139987262,11,135,0,-45,0,3,3,1,2t0.26 Forward,
9,9.44,40142359,139987262,13,112.5,0,-22.5,0,3,3,1,2t0.26 Forward,
9,9.45,40142359,139987262,12,135,0,-45,0,3,3,1,2t0.26 Forward,
9,9.47,40142359,139987263,13,112.5,0,-22.5,0,3,3,1,2t0.26 Forward,
9,9.48,40142360,139987263,13,90,0,-22.5,0,3,3,1,2t0.26 Forward,
9,9.49,40142360,139987263,12,112.5,0,-22.5,0,3,1,1,2t0.44 Rightd,
9,9.5,40142360,139987263,12,112.5,0,-22.5,0,3,3,0,2t0.18 Forwardcn,
9,9.51,40142360,139987263,12,112.5,0,-22.5,0,3,3,0,2t0.12 Forwardcn,
9,9.52,40142360,139987263,12,135,0,-22.5,0,3,3,0,2t0.12 Forwardcn,
9,9.53,40142360,139987263,12,135,0,-22.5,0,3,3,0,2t-0.07 Forwardn,
9,9.54,40142360,139987263,11,112.5,0,-45,0,3,3,0,2t0.26 Forwardn,
9,9.55,40142360,139987263,11,112.5,0,-45,0,3,3,0,2t0.28 Forwardn,
9,9.56,40142360,139987263,11,112.5,0,-22.5,0,3,3,0,2t0.38 Forwardn,
9,9.57,40142360,139987263,11,135,0,-22.5,0,3,3,0,2t0.34 Forwardn,
9,9.58,40142361,139987264,12,135,0,-45,0,3,3,0,2t0.04 Forwardn,
9,9.59,40142361,139987264,12,112.5,0,-45,0,3,3,0,2t0.32 Forwardn,
9,10,40142361,139987264,11,90,0,-67.5,0,3,1,0,2t0.62 Rightdn,
9,10.1,40142361,139987264,11,90,0,-45,0,3,1,0,2t0.77 Rightdn,
9,10.2,40142361,139987264,11,112.5,0,-67.5,0,3,1,0,2t0.93 Rightdn,
9,10.3,40142361,139987265,12,90,0,-67.5,0,3,1,0,2t0.75 Rightdn,
9,10.4,40142361,139987265,12,135,0,-45,0,3,1,0,2t0.82 Rightdn,
9,10.5,40142361,139987265,12,135,0,-45,0,3,1,0,2t0.51 Rightdn,
9,10.6,40142361,139987265,11,112.5,0,-45,0,3,1,0,2t0.49 Rightdn,
9,10.7,40142362,139987265,12,135,0,-45,0,3,0,0,2release stack cn,
9,10.8,40142362,139987265,12,135,0,-45,0,3,1,0,2t0.50 Rightk cn,
9,10.9,40142362,139987265,11,135,0,-45,0,3,1,0,2t0.49 Rightk cn,
9,10.1,40142362,139987266,12,135,0,-45,0,3,1,0,2t0.48 Rightk cn,
9,10.11,40142362,139987266,12,135,0,-45,0,3,1,0,2t0.47 Rightk cn,
9,10.13,40142362,139987266,11,135,0,-45,0,3,3,0,2t0.26 Forwardcn,
9,10.14,40142362,139987266,11,135,0,-45,0,3,3,0,2t0.27 Forwardcn,
9,10.15,40142362,139987266,11,135,0,-45,0,3,3,0,2t0.27 Forwardcn,
9,10.16,40142362,139987266,12,135,0,-45,0,3,3,0,2t0.28 Forwardcn,
9,10.17,40142362,139987266,12,135,0,-45,0,3,3,0,2t0.24 Forwardcn,
9,10.18,40142362,139987266,11,135,0,-45,0,3,3,0,2t0.25 Forwardcn,
9,10.19,40142362,139987266,11,135,0,-45,0,3,3,0,2t0.24 Forwardcn,
9,10.2,40142362,139987266,11,135,0,-45,0,3,3,0,2t0.20 Forwardcn,
9,10.21,40142362,139987266,12,135,0,-45,0,3,3,0,2t0.21 Forwardcn,
9,10.22,40142362,139987266,12,135,0,-45,0,3,3,0,2t0.20 Forwardcn,
9,10.23,40142362,139987266,11,135,0,-45,0,3,3,0,2t0.18 Forwardcn,
9,10.24,40142362,139987266,11,135,0,-45,0,3,3,0,2t0.18 Forwardcn,
9,10.25,40142362,139987266,11,135,0,-45,0,3,3,0,2t0.17 Forwardcn,
9,10.26,40142362,139987266,10,135,0,-45,0,3,3,0,2t0.18 Forwardcn,
9,10.27,40142362,139987266,12,135,0,-45,0,3,3,0,2t0.17 Forwardcn,
9,10.28,40142362,139987266,12,135,0,-45,0,3,3,0,2t0.18 Forwardcn,
9,10.29,40142362,139987266,12,135,0,-45,0,3,3,0,2t0.18 Forwardcn,
9,10.3,40142362,139987266,11,135,0,-45,0,3,3,0,2t0.18 Forwardcn,
9,10.31,40142362,139987267,12,135,0,-45,0,3,3,0,2t0.16 Forwardcn,
9,10.32,40142362,139987267,12,135,0,-45,0,3,3,0,2t0.16 Forwardcn,
9,10.33,40142362,139987267,12,135,0,-45,0,3,3,0,2t0.16 Forwardcn,
9,10.34,40142362,139987267,12,135,0,-45,0,3,3,0,2t0.12 Forwardcn,
9,10.35,40142362,139987267,11,135,0,-45,0,3,3,0,2t0.14 Forwardcn,
9,10.36,40142362,139987267,11,135,0,-45,0,3,3,0,2t0.15 Forwardcn,
9,10.37,40142362,139987267,11,135,0,-45,0,3,3,0,2t0.15 Forwardcn,
9,10.39,40142362,139987267,10,135,0,-45,0,3,3,0,2t0.13 Forwardcn,
9,10.4,40142362,139987267,10,135,0,-45,0,3,3,0,2t0.14 Forwardcn,
9,10.41,40142362,139987267,10,135,0,-45,0,3,3,0,2t0.13 Forwardcn,
9,10.42,40142362,139987267,10,135,0,-45,0,3,3,0,2t0.08 Forwardcn,
9,10.43,40142362,139987267,10,135,0,-45,0,3,3,0,2t0.12 Forwardcn,
9,10.44,40142362,139987267,10,135,0,-45,0,3,3,0,2t0.12 Forwardcn,
9,10.45,40142363,139987267,12,135,0,-45,0,3,0,0,2release stack cn,
9,10.46,40142363,139987267,12,135,0,-45,0,3,3,0,2t0.09 Forwardcn,
9,10.47,40142363,139987267,11,135,0,-45,0,3,3,0,2t0.12 Forwardcn,
9,10.48,40142363,139987267,11,135,0,-45,0,3,3,0,2t0.08 Forwardcn,
9,10.49,40142363,139987267,11,135,0,-45,0,3,3,0,2t0.14 Forwardcn,
9,10.5,40142363,139987267,10,135,0,-45,0,3,3,0,2t0.13 Forwardcn,
9,10.51,40142363,139987268,12,135,0,-45,0,3,3,0,2t0.08 Forwardcn,
9,10.52,40142363,139987268,12,135,0,-45,0,3,3,0,2t0.25 Forwardcn,
9,10.53,40142363,139987268,11,135,0,-45,0,3,3,0,2t0.11 Forwardcn,
9,10.54,40142363,139987268,11,135,0,-45,0,3,3,0,2t0.07 Forwardcn,
9,10.55,40142363,139987268,11,135,0,-45,0,3,3,0,2t0.11 Forwardcn,
9,10.56,40142363,139987268,12,157.5,0,-45,0,3,3,0,2t0.10 Forwardcn,
9,10.57,40142363,139987268,11,135,0,-45,0,3,3,0,2t0.11 Forwardcn,
9,10.58,40142363,139987268,11,135,0,-45,0,3,3,0,2t0.07 Forwardcn,
9,10.59,40142363,139987268,11,135,0,-45,0,3,3,0,2t0.12 Forwardcn,
9,11,40142363,139987268,10,135,0,-45,0,3,3,0,2t0.08 Forwardcn,
9,11.1,40142363,139987268,10,135,0,-45,0,3,3,0,2t0.06 Forwardcn,
9,11.2,40142363,139987268,12,135,0,-45,0,3,3,0,2t0.10 Forwardcn,
9,11.3,40142363,139987268,11,135,0,-45,0,3,3,0,2t0.12 Forwardcn,
9,11.5,40142363,139987268,11,135,0,-45,0,3,3,0,2t0.08 Forwardcn,
9,11.6,40142363,139987268,11,135,0,-45,0,3,3,0,2t0.05 Forwardcn,
9,11.7,40142363,139987268,10,157.5,0,-45,0,3,3,0,2t0.11 Forwardcn,
9,11.8,40142363,139987268,12,135,0,-45,0,3,3,0,2t0.09 Forwardcn,
9,11.9,40142363,139987268,11,135,0,-45,0,3,3,0,2t0.04 Forwardcn,
9,11.1,40142363,139987268,11,135,0,-45,0,3,3,0,2t0.08 Forwardcn,
9,11.11,40142363,139987268,11,157.5,0,-45,0,3,3,0,2t0.09 Forwardcn,
9,11.12,40142363,139987268,10,135,0,-45,0,3,3,0,2t0.09 Forwardcn,
9,11.13,40142363,139987268,10,157.5,0,-45,0,3,3,0,2t0.05 Forwardcn,
9,11.14,40142363,139987269,12,157.5,0,-45,0,3,3,0,2t0.05 Forwardcn,
9,11.15,40142363,139987269,11,157.5,0,-45,0,3,3,0,2t0.09 Forwardcn,
9,11.16,40142363,139987269,11,157.5,0,-45,0,3,3,0,2t0.04 Forwardcn,
9,11.17,40142363,139987269,11,135,0,-45,0,3,3,0,2t0.07 Forwardcn,
9,11.18,40142363,139987269,10,157.5,0,-45,0,3,3,0,2t0.09 Forwardcn,
9,11.19,40142363,139987269,12,135,0,-45,0,3,3,0,2t0.08 Forwardcn,
9,11.2,40142363,139987269,11,135,0,-45,0,3,3,0,2t0.05 Forwardcn,
9,11.21,40142363,139987269,12,157.5,0,-45,0,3,3,0,2t0.09 Forwardcn,
9,11.22,40142363,139987269,12,157.5,0,-45,0,3,3,0,2t0.06 Forwardcn,
9,11.23,40142363,139987269,12,157.5,0,-45,0,3,3,0,2t0.04 Forwardcn,
9,11.24,40142363,139987270,12,135,0,-45,0,3,3,0,2t0.03 Forwardcn,
9,11.25,40142363,139987270,12,157.5,0,-45,0,3,3,0,2t0.07 Forwardcn,
9,11.26,40142363,139987270,11,157.5,0,-45,0,3,3,0,2t0.03 Forwardcn,
9,11.27,40142363,139987270,11,157.5,0,-45,0,3,3,0,2t0.03 Forwardcn,
9,11.28,40142363,139987270,11,135,0,-45,0,3,3,0,2t0.06 Forwardcn,
9,11.29,40142363,139987270,10,157.5,0,-45,0,3,3,0,2t0.05 Forwardcn,
9,11.31,40142363,139987270,10,157.5,0,-45,0,3,3,0,2t0.03 Forwardcn,
9,11.32,40142363,139987270,10,157.5,0,-45,0,3,3,0,2t0.03 Forwardcn,
9,11.33,40142363,139987270,10,157.5,0,-45,0,3,3,0,2t0.07 Forwardcn,
9,11.34,40142363,139987270,10,157.5,0,-45,0,3,3,0,2t0.04 Forwardcn,
9,11.35,40142363,139987270,10,157.5,0,-45,0,3,3,0,2t0.02 Forwardcn,
9,11.36,40142363,139987270,10,157.5,0,-45,0,3,3,0,2t0.03 Forwardcn,
9,11.37,40142363,139987270,12,157.5,0,-45,0,3,3,0,2t0.06 Forwardcn,
9,11.38,40142363,139987270,11,157.5,0,-45,0,3,3,0,2t0.04 Forwardcn,
9,11.39,40142363,139987270,11,157.5,0,-45,0,3,3,0,2t0.04 Forwardcn,
9,11.4,40142363,139987270,11,157.5,0,-45,0,3,3,0,2t0.03 Forwardcn,
9,11.41,40142363,139987270,10,157.5,0,-45,0,3,3,0,2t0.01 Forwardcn,
9,11.42,40142363,139987271,12,157.5,0,-45,0,3,3,0,2t0.01 Forwardcn,
9,11.43,40142363,139987271,12,135,0,-45,0,3,3,0,2t0.03 Forwardcn,
9,11.44,40142363,139987271,12,157.5,0,-45,0,3,3,0,2t0.07 Forwardcn,
9,11.45,40142363,139987271,12,157.5,0,-45,0,3,3,0,2t0.03 Forwardcn,
9,11.46,40142363,139987271,11,157.5,0,-45,0,3,3,0,2t0.03 Forwardcn,
9,11.47,40142363,139987271,11,157.5,0,-45,0,3,3,0,2t0.04 Forwardcn,
9,11.48,40142363,139987271,12,157.5,0,-45,0,3,3,0,2t0.08 Forwardcn,
9,11.49,40142363,139987271,11,135,0,-45,0,3,3,0,2t0.02 Forwardcn,
9,11.5,40142363,139987271,11,157.5,0,-45,0,3,3,0,2t0.11 Forwardcn,
9,11.51,40142363,139987271,10,135,0,-45,0,3,3,0,2t0.06 Forwardcn,
9,11.52,40142363,139987271,10,157.5,0,-45,0,3,3,0,2t0.12 Forwardcn,
9,11.53,40142363,139987271,10,135,0,-45,0,3,3,0,2t0.01 Forwardcn,
9,11.54,40142363,139987271,12,135,0,-45,0,3,3,0,2t0.11 Forwardcn,
9,11.55,40142363,139987271,12,135,0,-45,0,3,3,0,2t0.05 Forwardcn,
9,11.57,40142363,139987271,11,135,0,-45,0,3,3,0,2t0.07 Forwardcn,
9,11.58,40142363,139987271,11,157.5,0,-45,0,3,3,0,2t0.10 Forwardcn,
9,11.59,40142363,139987271,10,135,0,-45,0,3,3,0,2t0.06 Forwardcn,
9,12,40142363,139987271,10,135,0,-45,0,3,3,0,2t0.10 Forwardcn,
9,12.1,40142363,139987271,10,135,0,-45,0,3,3,0,2t0.11 Forwardcn,
9,12.2,40142363,139987271,10,135,0,-45,0,3,3,0,2t0.11 Forwardcn,
9,12.3,40142363,139987271,10,135,0,-45,0,3,3,0,2t0.09 Forwardcn,
9,12.4,40142363,139987271,10,135,0,-45,0,3,3,0,2t0.09 Forwardcn,
9,12.5,40142364,139987271,12,135,0,-45,0,3,3,0,2t0.09 Forwardcn,
9,12.6,40142364,139987271,11,135,0,-45,0,3,3,0,2t0.08 Forwardcn,
9,12.7,40142364,139987271,11,135,0,-45,0,3,3,0,2t0.10 Forwardcn,
9,12.8,40142364,139987271,10,135,0,-45,0,3,3,0,2t0.10 Forwardcn,
9,12.9,40142364,139987271,10,135,0,-45,0,3,3,0,2t0.08 Forwardcn,
9,12.1,40142364,139987271,10,135,0,-45,0,3,3,0,2t0.09 Forwardcn,
9,12.11,40142364,139987271,12,135,0,-45,0,3,3,0,2t0.10 Forwardcn,
9,12.12,40142364,139987271,12,135,0,-45,0,3,3,0,2t0.12 Forwardcn,
9,12.13,40142364,139987271,12,135,0,-45,0,3,3,0,2t0.06 Forwardcn,
9,12.14,40142364,139987271,11,135,0,-45,0,3,3,0,2t0.09 Forwardcn,
9,12.15,40142364,139987271,11,135,0,-45,0,3,3,0,2t0.09 Forwardcn,
9,12.16,40142364,139987271,10,135,0,-45,0,3,3,0,2t0.08 Forwardcn,
9,12.17,40142365,139987271,12,135,0,-45,0,3,3,0,2t0.09 Forwardcn,
9,12.18,40142365,139987271,12,135,0,-45,0,3,3,0,2t0.11 Forwardcn,
9,12.19,40142365,139987271,12,135,0,-45,0,3,3,0,2t0.10 Forwardcn,
9,12.2,40142365,139987271,11,135,0,-45,0,3,3,0,2t0.11 Forwardcn,
9,12.21,40142365,139987271,11,135,0,-45,0,3,3,0,2t0.05 Forwardcn,
9,12.23,40142365,139987271,12,135,0,-45,0,3,3,0,2t0.08 Forwardcn,
9,12.24,40142365,139987271,11,135,0,-45,0,3,3,0,2t0.09 Forwardcn,
9,12.25,40142365,139987271,12,135,0,-45,0,3,3,0,2t0.09 Forwardcn,
9,12.26,40142365,139987271,11,135,0,-45,0,3,3,0,2t0.08 Forwardcn,
9,12.27,40142365,139987271,11,135,0,-45,0,3,3,0,2t0.10 Forwardcn,
9,12.28,40142365,139987271,11,135,0,-45,0,3,3,0,2t0.08 Forwardcn,
9,12.29,40142365,139987271,10,135,0,-45,0,3,3,0,2t0.10 Forwardcn,
9,12.3,40142365,139987271,10,135,0,-45,0,3,3,0,2t0.06 Forwardcn,
9,12.31,40142365,139987271,10,135,0,-45,0,3,3,0,2t0.06 Forwardcn,
9,12.32,40142365,139987271,10,135,0,-45,0,3,3,0,2t0.08 Forwardcn,
9,12.33,40142366,139987271,12,135,0,-45,0,3,3,0,2release stack cn,
9,12.34,40142366,139987271,12,135,0,-45,0,3,0,0,2release stack cn,
9,12.35,40142366,139987271,11,135,0,-45,0,3,3,0,2t0.08 Forwardcn,
9,12.36,40142366,139987271,11,135,0,-45,0,3,3,0,2t0.07 Forwardcn,
9,12.37,40142366,139987271,11,135,0,-45,0,3,3,0,2t0.09 Forwardcn,
9,12.38,40142366,139987271,10,135,0,-45,0,3,3,0,2t0.01 Forwardcn,
9,12.39,40142366,139987271,10,135,0,-45,0,3,3,0,2t0.06 Forwardcn,
9,12.4,40142366,139987271,10,135,0,-45,0,3,3,0,2t0.07 Forwardcn,
9,12.41,40142366,139987271,10,135,0,-45,0,3,3,0,2t0.08 Forwardcn,
9,12.42,40142366,139987272,12,135,0,-45,0,3,3,0,2t0.08 Forwardcn,
9,12.43,40142366,139987272,12,135,0,-45,0,3,3,0,2t0.08 Forwardcn,
9,12.44,40142366,139987272,11,135,0,-45,0,3,3,0,2t0.08 Forwardcn,
9,12.45,40142366,139987271,12,135,0,-45,0,3,3,0,2t0.09 Forwardcn,
9,12.46,40142366,139987271,11,135,0,-45,0,3,3,0,2t0.01 Forwardcn,
9,12.47,40142366,139987271,11,135,0,-45,0,3,3,0,2t0.07 Forwardcn,
9,12.49,40142366,139987271,11,135,0,-45,0,3,3,0,2t0.08 Forwardcn,
9,12.5,40142366,139987271,10,135,0,-45,0,3,3,0,2t0.07 Forwardcn,
9,12.51,40142366,139987271,12,135,0,-45,0,3,3,0,2t0.05 Forwardcn,
9,12.52,40142366,139987271,12,135,0,-45,0,3,3,0,2t0.09 Forwardcn,
9,12.53,40142366,139987271,11,135,0,-45,0,3,3,0,2t0.07 Forwardcn,
9,12.54,40142366,139987271,11,135,0,-45,0,3,3,0,2t0.09 Forwardcn,
9,12.55,40142366,139987271,11,135,0,-45,0,3,3,0,2t0.04 Forwardcn,
9,12.56,40142366,139987271,12,135,0,-45,0,3,0,0,2release stack cn,
9,12.57,40142367,139987271,12,135,0,-45,0,3,3,0,2release stack cn,
9,12.58,40142367,139987271,11,135,0,-45,0,3,3,0,2t0.07 Forwardcn,
9,12.59,40142367,139987271,11,135,0,-45,0,3,3,0,2t0.09 Forwardcn,
9,13,40142367,139987271,11,135,0,-45,0,3,3,0,2t0.05 Forwardcn,
9,13.1,40142367,139987271,10,135,0,-45,0,3,3,0,2t0.06 Forwardcn,
9,13.2,40142367,139987272,12,135,0,-45,0,3,0,0,2release stack cn,
9,13.3,40142367,139987272,12,135,0,-45,0,3,3,0,2release stack cn,
9,13.4,40142367,139987272,11,135,0,-45,0,3,3,0,2t0.07 Forwardcn,
9,13.5,40142367,139987272,11,135,0,-45,0,3,3,0,2t0.09 Forwardcn,
9,13.6,40142367,139987272,10,180,-45,-90,0,3,3,0,2t-0.25 Forwardn,
9,13.7,40142367,139987272,12,-67.5,-180,-67.5,0,3,0,0,2release stack cn,
9,13.8,40142367,139987272,12,-67.5,-180,0,0,3,3,0,2release stack cn,
9,13.9,40142367,139987272,11,-90,-180,45,0,1,3,0,2t-2.89 Leftk cn,
9,13.1,40142367,139987272,11,-112.5,-135,90,0,1,3,0,2t-2.33 Leftk cn,
9,13.11,40142367,139987272,10,22.5,0,67.5,0,3,1,0,2t1.54 Rightk cn,
9,13.12,40142367,139987272,10,67.5,0,45,0,3,1,0,2t1.11 Rightk cn,
9,13.13,40142367,139987272,12,90,0,22.5,0,3,1,0,2t0.51 Rightk cn,
9,13.15,40142367,139987272,12,135,0,-22.5,0,3,3,0,2t0.29 Forwardcn,
9,13.16,40142367,139987272,11,135,0,-45,0,3,3,0,2t0.04 Forwardcn,
9,13.17,40142367,139987272,11,-112.5,-112.5,-90,0,1,3,0,2t-0.47 Leftdcn,
9,13.18,40142367,139987271,12,-67.5,-157.5,-67.5,0,1,3,0,2t-2.96 Leftk cn,
9,13.19,40142367,139987271,11,-67.5,-180,0,0,1,3,0,2t-3.06 Leftk cn,
9,13.2,40142367,139987271,11,-90,-180,45,0,1,3,0,2t-2.80 Leftk cn,
9,13.21,40142367,139987271,11,0,-22.5,90,0,1,3,0,2t-2.26 Leftk cn,
9,13.22,40142367,139987271,10,45,0,67.5,0,3,1,0,2t1.26 Rightk cn,
9,13.23,40142367,139987271,10,67.5,0,45,0,3,1,0,2t1.14 Rightk cn,
9,13.24,40142367,139987271,12,112.5,0,0,0,3,1,0,2t0.46 Rightk cn,
9,13.25,40142367,139987271,11,135,0,-22.5,0,3,3,0,2t0.15 Forwardcn,
9,13.26,40142367,139987271,12,135,0,-45,0,3,0,0,2release stack cn,
9,13.27,40142367,139987271,11,-67.5,-157.5,-67.5,0,1,3,0,2t-1.80 Leftk cn,
9,13.28,40142367,139987271,12,-67.5,-180,-45,0,3,3,0,2release stack cn,
9,13.29,40142367,139987271,11,-67.5,-180,0,0,1,3,0,2t-3.04 Leftk cn,
9,13.3,40142367,139987271,12,-112.5,-180,67.5,0,3,0,0,2release stack cn,
9,13.31,40142367,139987271,11,22.5,0,67.5,0,1,3,0,2t-2.34 Leftk cn,
9,13.32,40142367,139987271,11,45,0,67.5,0,3,1,0,2t1.23 Rightk cn,
9,13.33,40142367,139987271,12,67.5,0,22.5,0,3,3,0,2release stack cn,
9,13.34,40142367,139987271,11,112.5,0,0,0,3,3,0,2t0.37 Forwardcn,
9,13.35,40142367,139987271,11,135,0,-45,0,3,3,0,2t0.12 Forwardcn,
9,13.36,40142367,139987271,12,135,0,-67.5,0,3,0,0,2release stack cn,
9,13.37,40142367,139987271,11,-67.5,-157.5,-67.5,0,1,3,0,2t-2.90 Leftk cn,
9,13.38,40142367,139987271,11,-67.5,-180,-22.5,0,1,3,0,2t-3.13 Leftk cn,
9,13.39,40142367,139987271,11,-90,-180,45,0,1,3,0,2t-2.97 Leftk cn,
9,13.41,40142367,139987271,10,-112.5,-157.5,67.5,0,1,3,0,2t-2.46 Leftk cn,
9,13.42,40142367,139987271,10,22.5,0,67.5,0,3,1,0,2t1.59 Rightk cn,
9,13.43,40142367,139987270,12,45,0,45,0,3,1,0,2t1.21 Rightk cn,
9,13.44,40142360,139987270,12,90,0,22.5,0,3,1,0,2t0.64 Rightk cn,
9,13.45,40142360,139987270,11,112.5,0,0,0,3,3,0,2t0.23 Forwardcn,
9,13.46,40142361,139987270,12,135,0,-45,0,3,3,0,2t-0.03 Forwardn,
9,13.47,40142361,139987270,11,-112.5,-112.5,-90,0,1,3,0,2t-0.47 Leftrdn,
9,13.48,40142361,139987270,11,-67.5,-180,-67.5,0,1,3,0,2t-3.02 Leftrdn,
9,13.49,40142361,139987270,11,-67.5,-180,-22.5,0,1,3,0,2t-3.13 Leftrdn,
9,13.5,40142361,139987270,10,-90,-180,45,0,1,3,0,2t-2.95 Leftrdn,
9,13.51,40142361,139987270,10,-45,-90,90,0,1,3,0,2t-2.39 Leftrdn,
9,13.52,40142361,139987270,10,22.5,0,67.5,0,3,1,0,2t1.30 Rightrdn,
9,13.53,40142361,139987270,10,67.5,0,45,0,3,1,0,2t1.06 Rightrdn,
9,13.54,40142364,139987270,12,112.5,0,0,0,3,3,0,2release stack cn,
9,13.55,40142364,139987271,12,135,0,-22.5,0,3,0,0,2release stack cn,
9,13.56,40142364,139987271,11,135,0,-45,0,3,3,0,2t-0.03 Forwardn,
9,13.57,40142364,139987271,11,-67.5,-157.5,-67.5,0,1,3,0,2t-1.85 Leftrdn,
9,13.58,40142364,139987271,10,-67.5,-180,-45,0,1,3,0,2t-3.04 Leftrdn,
9,13.59,40142364,139987271,10,-67.5,-180,0,0,1,3,0,2t-3.09 Leftrdn,
9,14,40142364,139987270,12,-112.5,-180,67.5,0,3,3,0,2release stack cn,
9,14.1,40142364,139987270,11,22.5,-22.5,67.5,0,1,3,0,2t-2.32 Leftk cn,
9,14.2,40142364,139987270,11,45,0,67.5,0,3,1,0,2t1.25 Rightk cn,
9,14.3,40142364,139987270,11,67.5,0,22.5,0,3,1,0,2t0.94 Rightk cn,
9,14.4,40142364,139987270,10,112.5,0,22.5,0,3,3,0,2t0.38 Forwardcn,
9,14.5,40142364,139987270,10,135,0,-45,0,3,3,0,2t0.10 Forwardcn,
9,14.7,40142364,139987270,12,135,-22.5,-67.5,0,3,3,0,2t-0.01 Forwardn,
9,14.8,40142364,139987270,11,-67.5,-157.5,-67.5,0,1,3,0,2t-2.83 Leftrdn,
9,14.9,40142364,139987270,12,-67.5,-180,-22.5,0,3,1,0,2t3.12 Rightk cn,
9,14.1,40142364,139987270,11,-67.5,-180,22.5,0,1,3,0,2t-3.01 Leftk cn,
9,14.11,40142364,139987270,11,-112.5,-157.5,67.5,0,1,3,0,2t-2.54 Leftk cn,
9,14.12,40142364,139987270,12,22.5,0,67.5,0,3,1,0,2t1.60 Rightk cn,
9,14.13,40142364,139987270,12,45,0,45,0,3,1,0,2t1.13 Rightk cn,
9,14.14,40142364,139987270,11,90,0,0,0,3,1,0,2t0.64 Rightk cn,
9,14.15,40142364,139987270,12,112.5,0,0,0,3,3,0,2t0.28 Forwardcn,
9,14.16,40142364,139987270,11,135,0,-45,0,3,3,0,2t-0.03 Forwardn,
9,14.17,0,0,90,-90,-135,-90,0,1,3,0,2t-2.71 Leftrdn,
9,14.18,40142364,139987271,12,-67.5,-180,-67.5,0,3,0,0,2release stack cn,
9,14.19,40142364,139987271,11,-67.5,-180,0,0,1,3,0,2t-3.08 Leftk cn,
9,14.2,40142364,139987271,11,-90,-180,45,0,1,3,0,2t-2.91 Leftk cn,
9,14.21,40142364,139987271,10,-90,-135,90,0,1,3,0,2t-2.47 Leftk cn,
9,14.22,40142364,139987271,10,22.5,0,67.5,0,3,1,0,2t1.29 Rightk cn,
9,14.23,40142364,139987271,12,67.5,0,45,0,3,3,0,2release stack cn,
9,14.24,40142364,139987271,12,112.5,0,0,0,3,0,0,2release stack cn,
9,14.25,40142364,139987271,11,135,0,-22.5,0,3,3,0,2t0.17 Forwardcn,
9,14.26,40142364,139987271,11,135,0,-45,0,3,3,0,2t-0.07 Forwardn,
9,14.27,40142364,139987271,12,-67.5,-157.5,-67.5,0,3,3,0,2release stack cn,
9,14.28,40142364,139987271,11,-67.5,-180,-45,0,1,3,0,2t-3.05 Leftk cn,
9,14.29,40142364,139987272,12,-67.5,-180,0,0,1,3,0,2t-3.10 Leftk cn,
9,14.3,40142364,139987272,11,-90,-180,45,0,1,3,0,2t-2.89 Leftk cn,
9,14.31,40142364,139987272,11,0,-22.5,90,0,1,3,0,2t-2.34 Leftk cn,
9,14.33,40142364,139987272,10,22.5,0,67.5,0,3,1,0,2t1.32 Rightk cn,
9,14.34,40142364,139987272,10,67.5,0,22.5,0,3,1,0,2t1.12 Rightk cn,
9,14.35,40142364,139987272,12,112.5,0,0,0,3,1,0,2t0.46 Rightk cn,
9,14.36,40142364,139987272,12,135,0,-22.5,0,3,3,0,2t0.14 Forwardcn,
9,14.37,40142364,139987272,11,135,0,-67.5,0,3,3,0,2t-0.05 Forwardn,
9,14.38,40142364,139987272,11,-67.5,-157.5,-67.5,0,1,3,0,2t-2.52 Leftrdn,
9,14.39,40142364,139987272,10,-67.5,-180,-45,0,1,3,0,2t-3.04 Leftrdn,
9,14.4,40142364,139987272,12,-67.5,-180,0,0,1,3,0,2t-3.09 Leftrdn,
9,14.41,40142364,139987272,11,-112.5,-157.5,67.5,0,1,3,0,2t-2.75 Leftrdn,
9,14.42,40142364,139987272,11,22.5,-22.5,67.5,0,1,3,0,2t-2.41 Leftrdn,
9,14.43,40142364,139987272,10,45,0,67.5,0,3,1,0,2t1.27 Rightrdn,
9,14.44,40142364,139987271,12,67.5,0,45,0,3,0,0,2release stack cn,
9,14.45,40142364,139987271,11,112.5,0,0,0,3,1,0,2t0.39 Rightk cn,
9,14.46,40142364,139987271,11,135,0,-45,0,3,3,0,2t0.09 Forwardcn,
9,14.47,40142364,139987271,12,135,-22.5,-67.5,0,3,3,0,2release stack cn,
9,14.48,40142364,139987271,11,-67.5,-157.5,-67.5,0,1,3,0,2t-2.80 Leftk cn,
9,14.49,40142364,139987271,12,-67.5,-180,-22.5,0,3,0,0,2release stack cn,
9,14.5,40142364,139987271,11,-67.5,-180,22.5,0,1,3,0,2t-3.05 Leftk cn,
9,14.51,40142364,139987271,11,-112.5,-157.5,67.5,0,1,3,0,2t-2.63 Leftk cn,
9,14.52,40142364,139987271,12,45,0,67.5,0,3,3,0,2release stack cn,
9,14.53,40142364,139987271,11,45,0,45,0,3,1,0,2t1.15 Rightk cn,
9,14.54,40142364,139987271,11,90,0,22.5,0,3,1,0,2t0.84 Rightk cn,
9,14.55,40142364,139987271,10,112.5,0,0,0,3,3,0,2t0.32 Forwardcn,
9,14.56,40142364,139987271,10,135,0,-45,0,3,3,0,2t-0.00 Forwardn,
9,14.57,40142364,139987271,10,157.5,-22.5,-67.5,0,3,3,0,2t-0.21 Forwardn,
9,14.59,40142364,139987271,12,-67.5,-180,-67.5,0,1,3,0,2t-3.07 Leftrdn,
9,15,40142364,139987271,11,-67.5,-180,-22.5,0,1,3,0,2t-3.10 Leftrdn,
9,15.1,40142364,139987271,12,-67.5,-180,45,0,1,3,0,2t-3.01 Leftrdn,
9,15.2,40142364,139987271,11,-112.5,-135,90,0,1,3,0,2t-2.50 Leftrdn,
9,15.3,40142364,139987271,11,22.5,0,67.5,0,3,1,0,2t1.50 Rightrdn,
9,15.4,40142364,139987271,10,45,0,45,0,3,1,0,2t1.16 Rightrdn,
9,15.5,40142364,139987271,12,90,0,0,0,3,1,0,2t0.63 Rightrdn,
9,15.6,40142364,139987271,11,112.5,0,0,0,3,3,0,2t0.30 Forwardn,
9,15.7,40142364,139987271,12,135,0,-45,0,3,3,0,2t-0.03 Forwardn,
9,15.8,40142364,139987271,11,-90,-135,-90,0,1,3,0,2t-0.65 Leftrdn,
9,15.9,40142364,139987271,11,-67.5,-180,-67.5,0,1,3,0,2t-3.04 Leftrdn,
9,15.1,40142364,139987271,12,-67.5,-180,-22.5,0,3,0,0,2release stack cn,
9,15.11,40142364,139987271,11,-90,-180,45,0,1,3,0,2t-2.96 Leftk cn,
9,15.12,40142364,139987271,11,-67.5,-112.5,90,0,1,3,0,2t-2.39 Leftk cn,
9,15.13,40142364,139987271,10,22.5,0,67.5,0,3,1,0,2t1.46 Rightk cn,
9,15.14,40142364,139987271,12,67.5,0,45,0,3,1,0,2t1.13 Rightk cn,
9,15.15,40142364,139987271,12,112.5,0,0,0,3,3,0,2release stack cn,
9,15.16,40142364,139987271,12,135,0,-22.5,0,3,0,0,2release stack cn,
9,15.17,40142364,139987271,12,135,0,-45,0,3,3,0,2release stack cn,
9,15.18,40142364,139987271,11,-90,-157.5,-67.5,0,1,3,0,2t-1.43 Leftk cn,
9,15.19,40142364,139987271,11,-67.5,-180,-45,0,1,3,0,2t-3.04 Leftk cn,
9,15.2,40142364,139987271,10,-67.5,-180,0,0,1,3,0,2t-3.11 Leftk cn,
9,15.21,40142364,139987271,10,-112.5,-157.5,45,0,1,3,0,2t-2.79 Leftk cn,
9,15.22,40142364,139987271,10,22.5,-22.5,67.5,0,1,3,0,2t-2.28 Leftk cn,
9,15.23,40142364,139987271,10,22.5,0,67.5,0,3,1,0,2t1.40 Rightk cn,
9,15.25,40142364,139987271,10,67.5,0,22.5,0,3,1,0,2t1.06 Rightk cn,
9,15.26,40142364,139987271,10,112.5,0,0,0,3,1,0,2t0.44 Rightk cn,
9,15.27,40142364,139987271,12,135,0,-22.5,0,3,3,0,2t0.13 Forwardcn,
9,15.28,40142364,139987271,12,135,-22.5,-67.5,0,3,3,0,2t-0.00 Forwardn,
9,15.29,40142364,139987271,11,-67.5,-157.5,-67.5,0,1,3,0,2t-2.76 Leftrdn,
9,15.3,40142364,139987271,11,-67.5,-180,-45,0,1,3,0,2t-3.10 Leftrdn,
9,15.31,40142364,139987271,10,-67.5,-180,22.5,0,1,3,0,2t-3.06 Leftrdn,
9,15.32,40142364,139987271,10,-112.5,-157.5,67.5,0,1,3,0,2t-2.65 Leftrdn,
9,15.33,40142364,139987271,12,22.5,0,67.5,0,1,3,0,2t-3.12 Leftk cn,
9,15.34,40142364,139987271,11,45,0,45,0,3,1,0,2t1.26 Rightk cn,
9,15.35,40142364,139987271,11,90,0,22.5,0,3,1,0,2t0.92 Rightk cn,
9,15.36,40142364,139987271,10,112.5,0,0,0,3,3,0,2t0.33 Forwardcn,
9,15.37,40142364,139987271,12,135,0,-45,0,3,3,0,2release stack cn,
9,15.38,40142364,139987271,11,157.5,-22.5,-67.5,0,3,3,0,2t-0.15 Forwardn,
9,15.39,40142363,139987271,12,-67.5,-157.5,-67.5,0,3,0,0,2release stack cn,
9,15.4,40142363,139987271,11,-67.5,-180,0,0,3,1,0,2t3.11 Rightk cn,
9,15.41,40142363,139987271,11,-90,-180,45,0,1,3,0,2t-2.96 Leftk cn,
9,15.42,40142363,139987271,12,-45,-90,90,0,3,3,0,2release stack cn,
9,15.43,40142363,139987271,11,45,0,67.5,0,3,1,0,2t1.29 Rightk cn,
9,15.44,40142363,139987271,11,67.5,0,22.5,0,3,1,0,2t1.15 Rightk cn,
9,15.45,40142363,139987271,10,112.5,0,0,0,3,1,0,2t0.51 Rightk cn,
9,15.46,40142363,139987271,10,135,0,-22.5,0,3,3,0,2t0.13 Forwardcn,
9,15.47,40142363,139987271,12,135,0,-45,0,3,3,0,2t-0.13 Forwardn,
9,15.48,40142363,139987271,11,-67.5,-157.5,-67.5,0,1,3,0,2t-2.31 Leftrdn,
9,15.49,40142363,139987271,11,-67.5,-180,-45,0,1,3,0,2t-3.11 Leftrdn,
9,15.51,40142363,139987271,12,-67.5,-180,0,0,1,3,0,2t-3.14 Leftk cn,
9,15.52,40142363,139987271,11,-112.5,-157.5,67.5,0,1,3,0,2t-2.80 Leftk cn,
9,15.53,40142363,139987271,11,22.5,-22.5,67.5,0,1,3,0,2t-2.41 Leftk cn,
9,15.54,40142363,139987271,10,45,0,67.5,0,3,1,0,2t1.26 Rightk cn,
9,15.55,40142363,139987271,12,67.5,0,22.5,0,3,1,0,2t1.00 Rightk cn,
9,15.56,40142363,139987271,11,112.5,0,0,0,3,3,0,2t0.37 Forwardcn,
9,15.57,40142363,139987271,12,135,0,-45,0,3,3,0,2t0.07 Forwardcn,
9,15.58,40142363,139987271,12,157.5,-22.5,-67.5,0,3,3,0,2t-0.14 Forwardn,
9,15.59,40142363,139987271,11,-67.5,-157.5,-67.5,0,1,3,0,2t-2.98 Leftrdn,
9,16,40142363,139987271,11,-67.5,-180,-22.5,0,3,1,0,2t3.10 Rightrdn,
9,16.1,40142363,139987271,10,-67.5,-180,22.5,0,1,3,0,2t-3.03 Leftrdn,
9,16.2,40142363,139987271,10,-112.5,-157.5,67.5,0,1,3,0,2t-2.55 Leftrdn,
9,16.3,40142363,139987271,10,45,0,67.5,0,3,1,0,2t1.48 Rightrdn,
9,16.4,40142363,139987271,10,45,0,45,0,3,1,0,2t1.13 Rightrdn,
9,16.5,40142364,139987271,12,90,0,0,0,3,3,0,2release stack cn,
9,16.6,40142364,139987271,11,112.5,0,0,0,3,3,0,2t0.29 Forwardcn,
9,16.7,40142364,139987271,12,135,0,-45,0,3,0,0,2release stack cn,
9,16.8,40142364,139987271,12,-67.5,-157.5,-90,0,3,3,0,2release stack cn,
9,16.9,40142364,139987271,12,-67.5,-180,-45,0,3,0,0,2release stack cn,
9,16.1,40142364,139987271,11,-67.5,-180,0,0,3,1,0,2t3.13 Rightk cn,
9,16.11,40142364,139987271,11,-90,-180,45,0,1,3,0,2t-2.96 Leftk cn,
9,16.12,40142364,139987271,12,-90,-135,90,0,3,3,0,2release stack cn,
9,16.13,40142364,139987271,11,22.5,0,67.5,0,3,1,0,2t1.34 Rightk cn,
9,16.14,40142364,139987271,11,67.5,0,22.5,0,3,1,0,2t1.11 Rightk cn,
9,16.15,40142364,139987271,12,112.5,0,0,0,3,1,0,2t0.47 Rightk cn,
9,16.17,40142364,139987271,11,135,0,-22.5,0,3,3,0,2t0.09 Forwardcn,
9,16.18,40142364,139987271,11,135,0,-67.5,0,3,3,0,2t-0.11 Forwardn,
9,16.19,40142364,139987271,12,-67.5,-157.5,-67.5,0,1,3,0,2t-2.55 Leftk cn,
9,16.2,40142364,139987271,12,-67.5,-180,-45,0,1,3,0,2t-3.11 Leftk cn,
9,16.21,40142364,139987271,11,-67.5,-180,0,0,1,3,0,2t-3.12 Leftk cn,
9,16.22,40142364,139987271,11,-112.5,-157.5,67.5,0,1,3,0,2t-2.81 Leftk cn,
9,16.23,40142364,139987271,10,22.5,0,67.5,0,1,3,0,2t-2.39 Leftk cn,
9,16.24,40142364,139987271,10,22.5,0,67.5,0,3,1,0,2t1.32 Rightk cn,
9,16.25,40142364,139987271,10,67.5,0,45,0,3,1,0,2t1.04 Rightk cn,
9,16.26,40142364,139987271,10,112.5,0,0,0,3,3,0,2t0.38 Forwardcn,
9,16.27,40142364,139987271,10,135,0,-45,0,3,3,0,2t0.06 Forwardcn,
9,16.28,40142364,139987271,10,157.5,-22.5,-67.5,0,3,3,0,2t-0.17 Forwardn,
9,16.29,40142364,139987271,10,-67.5,-157.5,-67.5,0,1,3,0,2t-2.98 Leftrdn,
9,16.3,40142364,139987272,12,-67.5,-180,-22.5,0,3,3,0,2release stack cn,
9,16.31,40142364,139987272,11,-90,-180,45,0,1,3,0,2t-3.01 Leftk cn,
9,16.32,40142364,139987272,12,-90,-135,90,0,3,0,0,2release stack cn,
9,16.33,40142364,139987272,11,22.5,0,67.5,0,3,1,0,2t1.57 Rightk cn,
9,16.34,40142364,139987272,11,45,0,45,0,3,1,0,2t1.26 Rightk cn,
9,16.35,40142364,139987272,10,112.5,0,0,0,3,1,0,2t0.69 Rightk cn,
9,16.36,40142364,139987272,12,112.5,0,-45,0,3,3,0,2release stack cn,
9,16.37,40142364,139987272,11,135,0,-22.5,0,3,3,0,2t0.15 Forwardcn,
9,16.38,40142364,139987272,11,157.5,-22.5,-22.5,0,3,3,0,2t-0.37 Forwardn,
9,16.39,40142364,139987272,12,180,-22.5,-22.5,0,3,0,0,2release stack cn,
9,16.4,40142364,139987272,11,180,0,-45,0,1,3,0,2t-0.87 Leftk cn,
9,16.41,40142364,139987272,11,157.5,45,-22.5,0,1,3,0,2t-1.04 Leftk cn,
9,16.43,40142351,139987271,11,157.5,22.5,-22.5,0,1,3,0,2t-0.89 Leftk cn,
9,16.44,40142351,139987271,11,157.5,22.5,0,0,1,3,0,2t-0.69 Leftk cn,
9,16.45,40142352,139987273,11,180,45,0,0,1,3,0,2t-1.11 Leftk cn,
9,16.46,40142352,139987273,11,157.5,22.5,-22.5,0,1,3,0,2t-1.50 Leftk cn,
9,16.47,40142352,139987273,10,157.5,22.5,-22.5,0,1,3,0,2t-0.67 Leftk cn,
9,16.48,40142352,139987273,10,157.5,22.5,0,0,1,3,0,2t-0.71 Leftk cn,
9,16.49,40142347,139987279,10,157.5,22.5,0,0,1,3,0,2t-0.85 Leftk cn,
9,16.5,40142347,139987280,10,135,22.5,0,0,1,3,0,2t-0.81 Leftk cn,
9,16.51,40142347,139987280,10,157.5,22.5,0,0,1,3,0,2t-0.83 Leftk cn,
9,16.52,0,0,90,157.5,22.5,0,0,1,3,0,2t-2.89 Leftk cn,
9,16.53,0,0,42,157.5,22.5,0,0,1,3,0,2t-2.82 Leftk cn,
9,16.54,0,0,172,157.5,22.5,0,0,1,3,0,2t-2.75 Leftk cn,
9,16.55,0,0,158,135,22.5,0,0,1,3,0,2t-2.64 Leftk cn,
9,16.56,0,0,97,135,22.5,0,0,1,3,0,2t-2.48 Leftk cn,
9,16.57,0,0,196,135,22.5,0,0,1,3,0,2t-2.69 Leftk cn,
9,16.58,0,0,84,135,22.5,0,0,1,3,0,2t-2.62 Leftk cn,
9,16.59,40142323,139987295,8,135,22.5,0,0,1,3,0,2t-2.82 Leftk cn,
9,17,40142323,139987295,8,135,22.5,0,0,1,3,0,2t-0.70 Leftk cn,
9,17.1,40142323,139987295,8,135,22.5,0,0,1,3,0,2t-0.69 Leftk cn,
9,17.2,40142323,139987295,8,135,22.5,0,0,1,3,0,2t-0.68 Leftk cn,
9,17.3,40142279,139987328,5,135,22.5,0,0,1,3,0,2t-0.67 Leftk cn,
9,17.4,40142279,139987328,5,135,22.5,0,0,1,3,0,2t-1.18 Leftk cn,
9,17.5,40142265,139987347,4,135,22.5,0,0,1,3,0,2t-1.13 Leftk cn,
9,17.6,40142265,139987347,3,135,22.5,0,0,1,3,0,2t-1.44 Leftk cn,
9,17.7,40142265,139987347,3,135,22.5,0,0,1,3,0,2t-1.47 Leftk cn,
9,17.9,40142265,139987347,3,135,22.5,0,0,1,3,0,2t-1.54 Leftk cn,
9,17.1,40142265,139987347,3,135,22.5,0,0,1,3,0,2t-1.53 Leftk cn,
9,17.11,40142265,139987347,3,135,22.5,0,0,1,3,0,2t-1.59 Leftk cn,
9,17.12,40142221,139987406,6,135,22.5,0,0,1,3,0,2t-2.87 Leftk cn,
9,17.13,40142221,139987406,5,135,22.5,0,0,1,3,0,2t-2.82 Leftk cn,
9,17.14,40142221,139987406,4,135,22.5,0,0,1,3,0,2t-2.82 Leftk cn,
9,17.15,40142221,139987406,3,135,22.5,0,0,1,3,0,2t-2.79 Leftk cn,
9,17.16,40142188,139987446,10,135,22.5,0,0,1,3,0,2t-3.06 Leftk cn,
9,17.17,40142188,139987446,8,135,22.5,0,0,1,3,0,2t-3.04 Leftk cn,
9,17.18,40142174,139987467,12,135,22.5,0,0,1,3,0,2t-3.06 Leftk cn,
9,17.19,40142174,139987467,10,135,22.5,0,0,1,3,0,2t-3.09 Leftk cn,
9,17.2,40142174,139987467,9,135,22.5,0,0,3,1,0,2t3.02 Rightk cn,
9,17.21,40142174,139987467,9,135,45,0,0,3,1,0,2t3.03 Rightk cn,
9,17.22,40142174,139987467,8,135,22.5,0,0,1,3,0,2t-3.01 Leftk cn,
9,17.23,40142130,139987516,17,135,22.5,0,0,3,1,0,2t2.91 Rightk cn,
9,17.24,40142119,139987522,18,135,22.5,0,0,3,1,0,2t2.67 Rightk cn,
9,17.25,40142119,139987522,16,135,22.5,0,0,3,1,0,2t2.89 Rightk cn,
9,17.26,40142119,139987522,15,112.5,22.5,0,0,1,3,0,2t-3.08 Leftk cn,
9,17.27,40142089,139987538,22,112.5,22.5,0,0,1,3,0,2t-2.83 Leftk cn,
9,17.28,40142089,139987538,18,112.5,22.5,0,0,1,3,0,2t-2.71 Leftk cn,
9,17.29,40142089,139987538,17,112.5,22.5,0,0,1,3,0,2t-2.78 Leftk cn,
9,17.3,40142089,139987538,16,112.5,22.5,0,0,1,3,0,2t-2.66 Leftk cn,
9,17.31,40142089,139987538,15,112.5,22.5,0,0,1,3,0,2t-2.70 Leftk cn,
9,17.32,40142089,139987538,15,112.5,22.5,0,0,1,3,0,2t-2.81 Leftk cn,
9,17.33,40142073,139987602,26,112.5,22.5,0,0,1,3,0,2t-2.78 Leftk cn,
9,17.35,40142073,139987602,24,112.5,22.5,0,0,1,3,0,2t-2.72 Leftk cn,
9,17.36,40142073,139987602,23,90,22.5,0,0,1,3,0,2t-2.59 Leftk cn,
9,17.37,40142073,139987602,22,90,22.5,0,0,1,3,0,2t-2.24 Leftk cn,
9,17.38,40142073,139987602,21,90,22.5,0,0,1,3,0,2t-2.20 Leftk cn,
9,17.39,40142073,139987602,20,90,22.5,0,0,1,3,0,2t-2.30 Leftk cn,
9,17.4,40142086,139987674,31,90,22.5,0,0,1,3,0,2t-2.35 Leftk cn,
9,17.41,40142093,139987680,31,90,22.5,22.5,0,1,3,0,2t-2.28 Leftk cn,
9,17.42,40142093,139987680,30,112.5,0,22.5,0,1,3,0,2t-2.79 Leftk cn,
9,17.43,40142093,139987680,29,112.5,0,22.5,0,1,3,0,2t-2.98 Leftk cn,
9,17.44,40142093,139987680,28,90,0,22.5,0,3,1,0,2t3.03 Rightk cn,
9,17.45,40142093,139987680,27,90,0,22.5,0,1,3,0,2t-2.81 Leftk cn,
9,17.46,40142118,139987718,34,112.5,22.5,22.5,0,1,3,0,2t-2.70 Leftk cn,
